61,https://syzkaller.appspot.com/bug?id=64a91d95c31faa0e8dd58a5a7cc0ab963e28600a,WARNING in ieee80211_link_info_change_notify,2022/06/22,https://syzkaller.appspot.com/text?tag=KernelConfig&x=2f98d9171d58550f,https://syzkaller.appspot.com/text?tag=CrashReport&x=17928ba1880000,https://git.kernel.org/pub/scm/linux/kernel/git/torvalds/linux.git/log/?id=b229b6ca5abbd63ff40c1396095b1b36b18139c3,2022/10/30,https://git.kernel.org/pub/scm/linux/kernel/git/torvalds/linux.git/commit/?id=591e73ee3f737098723406bcfae43673add31881,2022-07-01,https://git.kernel.org/pub/scm/linux/kernel/git/torvalds/linux.git/commit/?id=7b7090b4c6a906cc7c3e2a460335f705b93f4506,2022-06-20,error,,,ac0ba5454ca85162c08dc429fef1999e077ca976,2022-06-22,https://syzkaller.appspot.com/text?tag=ReproSyz&x=1502ddf8080000,the issue happens on the oldest tested release,https://syzkaller.appspot.com/text?tag=ReproSyz&x=1502ddf8080000 https://syzkaller.appspot.com/text?tag=ReproSyz&x=147cac52080000 https://syzkaller.appspot.com/text?tag=ReproSyz&x=14f2d446880000 https://syzkaller.appspot.com/text?tag=ReproSyz&x=14285f6a480000 https://syzkaller.appspot.com/text?tag=ReproSyz&x=13ca382c480000 https://syzkaller.appspot.com/text?tag=ReproSyz&x=17ca382c480000
62,https://syzkaller.appspot.com/bug?id=771e9420eb1aebfbc3d6a7ff0e34460cb1f12d77,INFO: trying to register non-static key in ieee80211_do_stop,2022/07/13,https://syzkaller.appspot.com/text?tag=KernelConfig&x=cd73026ceaed1402,https://syzkaller.appspot.com/text?tag=CrashReport&x=14bf8edc080000,https://git.kernel.org/pub/scm/linux/kernel/git/torvalds/linux.git/log/?id=9bd572ec7a66b56e1aed896217ff311d981cf575,2022/07/15,https://git.kernel.org/pub/scm/linux/kernel/git/torvalds/linux.git/commit/?id=aa40d5a43526cca9439a2b45fcfdcd016594dece,2022-07-26,https://git.kernel.org/pub/scm/linux/kernel/git/torvalds/linux.git/commit/?id=f856373e2f31ffd340e47e2b00027bd4070f74b3,2022-06-29,error,,,,,,the crash wasn't reproduced on the original commit,https://syzkaller.appspot.com/text?tag=ReproSyz&x=173a7c78080000 https://syzkaller.appspot.com/text?tag=ReproSyz&x=1412d31c080000 https://syzkaller.appspot.com/text?tag=ReproSyz&x=10f330fc080000 https://syzkaller.appspot.com/text?tag=ReproSyz&x=1155c344080000 https://syzkaller.appspot.com/text?tag=ReproSyz&x=17f3d98a080000 https://syzkaller.appspot.com/text?tag=ReproSyz&x=116ecdd6080000 https://syzkaller.appspot.com/text?tag=ReproSyz&x=1408a7c2080000 https://syzkaller.appspot.com/text?tag=ReproSyz&x=13dd0daa080000 https://syzkaller.appspot.com/text?tag=ReproSyz&x=17174352080000 https://syzkaller.appspot.com/text?tag=ReproSyz&x=1190be7e080000 https://syzkaller.appspot.com/text?tag=ReproSyz&x=11084572080000 https://syzkaller.appspot.com/text?tag=ReproSyz&x=10c4a87a080000 https://syzkaller.appspot.com/text?tag=ReproSyz&x=15245c3c080000 https://syzkaller.appspot.com/text?tag=ReproSyz&x=11c18d64080000 https://syzkaller.appspot.com/text?tag=ReproSyz&x=15b96f06080000 https://syzkaller.appspot.com/text?tag=ReproSyz&x=15de42ee080000 https://syzkaller.appspot.com/text?tag=ReproSyz&x=1051a6ba080000 https://syzkaller.appspot.com/text?tag=ReproSyz&x=1293c886080000 https://syzkaller.appspot.com/text?tag=ReproSyz&x=105fca02080000 https://syzkaller.appspot.com/text?tag=ReproSyz&x=11786a54080000 https://syzkaller.appspot.com/text?tag=ReproSyz&x=14eb0daa080000 https://syzkaller.appspot.com/text?tag=ReproSyz&x=16e2b54a080000 https://syzkaller.appspot.com/text?tag=ReproSyz&x=103338de080000 https://syzkaller.appspot.com/text?tag=ReproSyz&x=1655ad72080000 https://syzkaller.appspot.com/text?tag=ReproSyz&x=15de9a36080000 https://syzkaller.appspot.com/text?tag=ReproSyz&x=1451c3f6080000 https://syzkaller.appspot.com/text?tag=ReproSyz&x=1586ea41080000 https://syzkaller.appspot.com/text?tag=ReproSyz&x=1099bf52080000 https://syzkaller.appspot.com/text?tag=ReproSyz&x=12efb57e080000 https://syzkaller.appspot.com/text?tag=ReproSyz&x=146aaa22080000 https://syzkaller.appspot.com/text?tag=ReproSyz&x=150a2372080000 https://syzkaller.appspot.com/text?tag=ReproSyz&x=102c16ce080000 https://syzkaller.appspot.com/text?tag=ReproSyz&x=102fdbf6080000 https://syzkaller.appspot.com/text?tag=ReproSyz&x=107667aa080000 https://syzkaller.appspot.com/text?tag=ReproSyz&x=10c6fd02080000 https://syzkaller.appspot.com/text?tag=ReproSyz&x=128c16ce080000 https://syzkaller.appspot.com/text?tag=ReproSyz&x=11f0587a080000 https://syzkaller.appspot.com/text?tag=ReproSyz&x=12620016080000 https://syzkaller.appspot.com/text?tag=ReproSyz&x=1620f4ee080000 https://syzkaller.appspot.com/text?tag=ReproSyz&x=15d22372080000 https://syzkaller.appspot.com/text?tag=ReproSyz&x=13220016080000 https://syzkaller.appspot.com/text?tag=ReproSyz&x=134e67aa080000 https://syzkaller.appspot.com/text?tag=ReproSyz&x=130f66f6080000 https://syzkaller.appspot.com/text?tag=ReproSyz&x=16ef056b080000 https://syzkaller.appspot.com/text?tag=ReproSyz&x=1679ce85080000 https://syzkaller.appspot.com/text?tag=ReproSyz&x=17c586a5080000
72,https://syzkaller.appspot.com/bug?id=66d6b5641889b6971695afb8de4dc51fc74cb5a8,INFO: trying to register non-static key in gsmld_write,2022/08/08,https://syzkaller.appspot.com/text?tag=KernelConfig&x=3b9175e0879a7749,https://syzkaller.appspot.com/text?tag=CrashReport&x=17734f97080000,https://git.kernel.org/pub/scm/linux/kernel/git/torvalds/linux.git/log/?id=15b3f48a4339e3c16acf18624e2b7f60bc5e9a2c,2022/08/21,https://git.kernel.org/pub/scm/linux/kernel/git/torvalds/linux.git/commit/?id=4bb1a53be85fcb1e24c14860e326a00cdd362c28,2022-08-30,https://git.kernel.org/pub/scm/linux/kernel/git/torvalds/linux.git/commit/?id=32dd59f96924f45e33bc79854f7a00679c0fa28e,2022-07-01,error,,,ca688bff68bc6ae3257c304e8f721d8ff9cb599d,2022-08-08,,bisection is taking too long (>8h0m0s),https://syzkaller.appspot.com/text?tag=ReproSyz&x=151f2b46080000 https://syzkaller.appspot.com/text?tag=ReproSyz&x=1355297b080000 https://syzkaller.appspot.com/text?tag=ReproSyz&x=151b3e2d080000 https://syzkaller.appspot.com/text?tag=ReproSyz&x=164e5b1d080000 https://syzkaller.appspot.com/text?tag=ReproSyz&x=13112a4d080000 https://syzkaller.appspot.com/text?tag=ReproSyz&x=1328cafb080000 https://syzkaller.appspot.com/text?tag=ReproSyz&x=1203a4b3080000
80,https://syzkaller.appspot.com/bug?id=7c7fab3677f7e27e026384d4fb34cc1adf6059fa,INFO: task hung in scsi_remove_host,2022/08/08,https://syzkaller.appspot.com/text?tag=KernelConfig&x=3b9175e0879a7749,https://syzkaller.appspot.com/text?tag=CrashReport&x=143fce8d080000,https://git.kernel.org/pub/scm/linux/kernel/git/torvalds/linux.git/log/?id=15b3f48a4339e3c16acf18624e2b7f60bc5e9a2c,2022/08/21,https://git.kernel.org/pub/scm/linux/kernel/git/torvalds/linux.git/commit/?id=2b36209ca8182c5e0221dd416106d434de433d34,2022-09-01,https://git.kernel.org/pub/scm/linux/kernel/git/torvalds/linux.git/commit/?id=f323896fe6fa8fa55ed37cb8b804fa97ead641c3,2022-08-01,good,ae643a74ebdb150b004601d0d5fe5a1faba9b04d,2022-07-25,e3f259d33c0ebae1b6e4922c7cdb50e864c81928,2022-08-21,https://syzkaller.appspot.com/text?tag=ReproSyz&x=108e1a3d080000,,https://syzkaller.appspot.com/text?tag=ReproSyz&x=1503c1f3080000 https://syzkaller.appspot.com/text?tag=ReproSyz&x=108e1a3d080000
82,https://syzkaller.appspot.com/bug?id=4ed88f7c1c6d6d21f9bb9521d2efbf83dbd94b79,kernel BUG in rxrpc_put_call,2023/01/09,https://syzkaller.appspot.com/text?tag=KernelConfig&x=2b6ecad960fc703e,https://syzkaller.appspot.com/text?tag=CrashReport&x=101ed7ba480000,https://git.kernel.org/pub/scm/linux/kernel/git/torvalds/linux.git/log/?id=97ec4d559d939743e8af83628be5af8da610d9dc,2023/01/14,https://git.kernel.org/pub/scm/linux/kernel/git/torvalds/linux.git/commit/?id=01644a1f98ff45a4044395ce2bbfd534747e0676,2023-01-12,https://git.kernel.org/pub/scm/linux/kernel/git/torvalds/linux.git/commit/?id=9d35d880e0e4a3ab32d8c12f9e4d76198aadd42d,2023-01-06,good,a275da62e8c111b897b9cb73eb91df2f4e475ca5,2022-12-01,60ea6f00c57dae5e7ba2c52ed407cb24fdb11ebe,2023-01-09,https://syzkaller.appspot.com/text?tag=ReproSyz&x=141826f6480000,,https://syzkaller.appspot.com/text?tag=ReproSyz&x=141826f6480000
101,https://syzkaller.appspot.com/bug?id=8137f770127ad3ae80cc615fbb3b3bdf71c5e17e,INFO: task hung in hci_dev_close_sync,2022/04/27,https://syzkaller.appspot.com/text?tag=KernelConfig&x=d5ef46f0e355ceff,https://syzkaller.appspot.com/text?tag=CrashReport&x=170d4cd3f00000,https://git.kernel.org/pub/scm/linux/kernel/git/torvalds/linux.git/log/?id=9d004b2f4fea97cde123e7f1939b80e77bf2e695,2022/05/29,https://git.kernel.org/pub/scm/linux/kernel/git/torvalds/linux.git/commit/?id=e36bea6e78ab2b6c9c7396972fee231eae551cfc,2022-07-05,https://git.kernel.org/pub/scm/linux/kernel/git/torvalds/linux.git/commit/?id=ff7f2926114d3a50f5ffe461a9bce8d761748da5,2022-05-13,good,ae53aea611b7a532a52ba966281a8b7a8cfd008a,2022-03-17,9d004b2f4fea97cde123e7f1939b80e77bf2e695,2022-05-27,https://syzkaller.appspot.com/text?tag=ReproSyz&x=17c258f5f00000,,https://syzkaller.appspot.com/text?tag=ReproSyz&x=17c258f5f00000 https://syzkaller.appspot.com/text?tag=ReproSyz&x=14b6e1bc880000
110,https://syzkaller.appspot.com/bug?id=722062bdc6cc9c667864938700935bc02e2542fa,KASAN: use-after-free Read in mgmt_pending_remove,2022/08/13,https://syzkaller.appspot.com/text?tag=KernelConfig&x=911efaff115942bb,https://syzkaller.appspot.com/text?tag=CrashReport&x=1194856b080000,https://git.kernel.org/pub/scm/linux/kernel/git/torvalds/linux.git/log/?id=1c23f9e627a7b412978b4e852793c5e3c3efc555,2022/08/22,https://git.kernel.org/pub/scm/linux/kernel/git/torvalds/linux.git/commit/?id=3cfbc6ac22d62d0a06be9ce2996ba9fed75436cd,2022-08-25,https://git.kernel.org/pub/scm/linux/kernel/git/torvalds/linux.git/commit/?id=7cf5c2978f23fdbb2dd7b4e8b07e362ae2d8211c,2022-07-21,good,3d7cb6b04c3f3115719235cc6866b10326de34cd,2022-07-31,40b4ac880e21d917da7f3752332fa57564a4c202,2022-08-12,https://syzkaller.appspot.com/text?tag=ReproSyz&x=115e3d15080000,,https://syzkaller.appspot.com/text?tag=ReproSyz&x=115e3d15080000 https://syzkaller.appspot.com/text?tag=ReproSyz&x=130c4b05080000 https://syzkaller.appspot.com/text?tag=ReproSyz&x=15ace27b080000
115,https://syzkaller.appspot.com/bug?id=bf7780df648105d40e1fdbb0566defda3605ed93,kernel BUG in __skb_gso_segment,2022/05/31,https://syzkaller.appspot.com/text?tag=KernelConfig&x=9b19cdd2d45cc221,https://syzkaller.appspot.com/text?tag=CrashReport&x=1138ed47f00000,https://git.kernel.org/pub/scm/linux/kernel/git/torvalds/linux.git/log/?id=2c5ca23f7414eb2c782f945aa417cfab7b5c88dd,2022/05/31,https://git.kernel.org/pub/scm/linux/kernel/git/torvalds/linux.git/commit/?id=e9d3f80935b6607dcdc5682b00b1d4b28e0a0c5d,2022-06-02,https://git.kernel.org/pub/scm/linux/kernel/git/torvalds/linux.git/commit/?id=dfed913e8b55a0c2c4906f1242fd38fd9a116e49,2022-04-26,good,dfed913e8b55a0c2c4906f1242fd38fd9a116e49,2022-04-26,dfed913e8b55a0c2c4906f1242fd38fd9a116e49,2022-04-26,https://syzkaller.appspot.com/text?tag=ReproSyz&x=1724add5f00000,,https://syzkaller.appspot.com/text?tag=ReproSyz&x=1019eaa3f00000 https://syzkaller.appspot.com/text?tag=ReproSyz&x=16c90ca3f00000 https://syzkaller.appspot.com/text?tag=ReproSyz&x=1724add5f00000 https://syzkaller.appspot.com/text?tag=ReproSyz&x=1258ad03f00000 https://syzkaller.appspot.com/text?tag=ReproSyz&x=16280947f00000 https://syzkaller.appspot.com/text?tag=ReproSyz&x=11fb0347f00000 https://syzkaller.appspot.com/text?tag=ReproSyz&x=10fb0347f00000
117,https://syzkaller.appspot.com/bug?id=46243cd4c222b2ec9f0885efe0142dd1e26a0e39,possible deadlock in ___neigh_create,2022/01/31,https://syzkaller.appspot.com/text?tag=KernelConfig&x=b4a89edfcc8f7c74,https://syzkaller.appspot.com/text?tag=CrashReport&x=12bdbeb8700000,https://git.kernel.org/pub/scm/linux/kernel/git/torvalds/linux.git/log/?id=9f7fb8de5d9bac17b6392a14af40baf555d9129b,2022/02/01,https://git.kernel.org/pub/scm/linux/kernel/git/torvalds/linux.git/commit/?id=4a81f6da9cb2d1ef911131a6fd8bd15cb61fc772,2022-02-02,https://git.kernel.org/pub/scm/linux/kernel/git/torvalds/linux.git/commit/?id=7482e3841d520a368426ac196720601687e2dc47,2021-10-12,error,,,,,,the crash wasn't reproduced on the original commit,https://syzkaller.appspot.com/text?tag=ReproSyz&x=10dd62bfb00000 https://syzkaller.appspot.com/text?tag=ReproSyz&x=16f9a76c700000
122,https://syzkaller.appspot.com/bug?id=24452f89446639c901ac07379ccc702808471e8e,WARNING: kmalloc bug in bpf,2021/11/03,https://syzkaller.appspot.com/text?tag=KernelConfig&x=c252f01504189189,https://syzkaller.appspot.com/text?tag=CrashReport&x=14495046700000,https://git.kernel.org/pub/scm/linux/kernel/git/torvalds/linux.git/log/?id=f71077a4d84bbe8c7b91b7db7c4ef815755ac5e3,2022/02/18,https://git.kernel.org/pub/scm/linux/kernel/git/torvalds/linux.git/commit/?id=0708a0afe291bdfe1386d74d5ec1f0c27e8b9168,2022-03-04,https://git.kernel.org/pub/scm/linux/kernel/git/torvalds/linux.git/commit/?id=7661809d493b426e979f39ab512e3adf41fbcc69,2021-09-02,good,22849b5ea5952d853547cc5e0651f34a246b2a4f,2021-10-22,b7b98f868987cd3e86c9bd9a6db048614933d7a0,2021-11-01,https://syzkaller.appspot.com/text?tag=ReproSyz&x=12a14b55b00000,,https://syzkaller.appspot.com/text?tag=ReproSyz&x=105b6f3ab00000 https://syzkaller.appspot.com/text?tag=ReproSyz&x=119b6f3ab00000 https://syzkaller.appspot.com/text?tag=ReproSyz&x=12a14b55b00000 https://syzkaller.appspot.com/text?tag=ReproSyz&x=161fe5beb00000 https://syzkaller.appspot.com/text?tag=ReproSyz&x=176738e7b00000 https://syzkaller.appspot.com/text?tag=ReproSyz&x=11c1fd5db00000
123,https://syzkaller.appspot.com/bug?id=75a2a727e4636c7a34dbd49197b15c3de92a8f7f,WARNING in hugetlb_wp,2022/10/25,https://syzkaller.appspot.com/text?tag=KernelConfig&x=a66c6c673fb555e8,https://syzkaller.appspot.com/text?tag=CrashReport&x=173c39ba880000,https://git.kernel.org/pub/scm/linux/kernel/git/torvalds/linux.git/log/?id=247f34f7b80357943234f93f247a1ae6b6c3a740,2022/10/25,https://git.kernel.org/pub/scm/linux/kernel/git/torvalds/linux.git/commit/?id=f347454d034184b4f0a2caf6e14daf7848cea01c,2022-11-30,https://git.kernel.org/pub/scm/linux/kernel/git/torvalds/linux.git/commit/?id=1d8d14641fd94a01b20a4abbf2749fd8eddcf57b,2022-08-20,error,,,95607ad99b5a4e3e69e025621165753718a6ea98,2022-08-23,,bisection is taking too long (>8h0m0s),https://syzkaller.appspot.com/text?tag=ReproSyz&x=112217b4880000 https://syzkaller.appspot.com/text?tag=ReproSyz&x=152c53b1880000
133,https://syzkaller.appspot.com/bug?id=e1c3525a4f4e2e4b6c1f73611ceaf61ef462700c,KASAN: slab-out-of-bounds Read in thrustmaster_probe,2022/02/16,https://syzkaller.appspot.com/text?tag=KernelConfig&x=a78b064590b9f912,https://syzkaller.appspot.com/text?tag=CrashReport&x=17cce422700000,https://git.kernel.org/pub/scm/linux/kernel/git/torvalds/linux.git/log/?id=c5d9ae265b105d9a67575fb67bd4650a6fc08e25,2022/02/16,https://git.kernel.org/pub/scm/linux/kernel/git/torvalds/linux.git/commit/?id=fc3ef2e3297b3c0e2006b5d7b3d66965e3392036,2022-02-21,https://git.kernel.org/pub/scm/linux/kernel/git/torvalds/linux.git/commit/?id=c49c33637802a2c6957a78119eb8be3b055dd9e9,2021-03-19,good,d463cead11ace05c81de31a0fb9c2507c5c1d0a2,2021-03-29,62fb9874f5da54fdb243003b386128037319b219,2021-06-27,https://syzkaller.appspot.com/text?tag=ReproSyz&x=175ecbf2700000,,https://syzkaller.appspot.com/text?tag=ReproSyz&x=175ecbf2700000 https://syzkaller.appspot.com/text?tag=ReproSyz&x=159e0916700000
137,https://syzkaller.appspot.com/bug?id=90aba1c33ce6a38bac825f68d4287f31a1aee56c,inconsistent lock state in smc_fback_state_change,2022/11/18,https://syzkaller.appspot.com/text?tag=KernelConfig&x=8232c7627e3f923,https://syzkaller.appspot.com/text?tag=CrashReport&x=11cefa81880000,https://git.kernel.org/pub/scm/linux/kernel/git/torvalds/linux.git/log/?id=eb7081409f94a9a8608593d0fb63a1aa3d6f95d8,2022/11/22,https://git.kernel.org/pub/scm/linux/kernel/git/torvalds/linux.git/commit/?id=af295e854a4e3813ffbdef26dbb6a4d6226c3ea1,2022-11-23,https://git.kernel.org/pub/scm/linux/kernel/git/torvalds/linux.git/commit/?id=b68777d54fac21fc833ec26ea1a2a84f975ab035,2022-11-16,error,,,,,,the crash wasn't reproduced on the original commit,https://syzkaller.appspot.com/text?tag=ReproSyz&x=173fb255880000 https://syzkaller.appspot.com/text?tag=ReproSyz&x=1749b921880000 https://syzkaller.appspot.com/text?tag=ReproSyz&x=15b7c309880000 https://syzkaller.appspot.com/text?tag=ReproSyz&x=1454a981880000
138,https://syzkaller.appspot.com/bug?id=6f32d3bb387424036a0ce937607c7697038beaac,BUG: sleeping function called from invalid context in static_key_slow_inc,2022/11/17,https://syzkaller.appspot.com/text?tag=KernelConfig&x=6f4e5e9899396248,https://syzkaller.appspot.com/text?tag=CrashReport&x=12dbd49e880000,https://git.kernel.org/pub/scm/linux/kernel/git/torvalds/linux.git/log/?id=81ac25651a62c958bb0e074e0d4e25060ea557dd,2022/11/17,https://git.kernel.org/pub/scm/linux/kernel/git/torvalds/linux.git/commit/?id=af295e854a4e3813ffbdef26dbb6a4d6226c3ea1,2022-11-23,https://git.kernel.org/pub/scm/linux/kernel/git/torvalds/linux.git/commit/?id=b68777d54fac21fc833ec26ea1a2a84f975ab035,2022-11-16,good,b68777d54fac21fc833ec26ea1a2a84f975ab035,2022-11-16,b68777d54fac21fc833ec26ea1a2a84f975ab035,2022-11-16,https://syzkaller.appspot.com/text?tag=ReproSyz&x=13cd2f79880000,,https://syzkaller.appspot.com/text?tag=ReproSyz&x=13cd2f79880000 https://syzkaller.appspot.com/text?tag=ReproSyz&x=151e1a91880000 https://syzkaller.appspot.com/text?tag=ReproSyz&x=1786cf59880000 https://syzkaller.appspot.com/text?tag=ReproSyz&x=138313e9880000 https://syzkaller.appspot.com/text?tag=ReproSyz&x=130867e9880000 https://syzkaller.appspot.com/text?tag=ReproSyz&x=109a9945880000 https://syzkaller.appspot.com/text?tag=ReproSyz&x=1260f3d9880000 https://syzkaller.appspot.com/text?tag=ReproSyz&x=13502765880000 https://syzkaller.appspot.com/text?tag=ReproSyz&x=122d7aed880000 https://syzkaller.appspot.com/text?tag=ReproSyz&x=11fac855880000 https://syzkaller.appspot.com/text?tag=ReproSyz&x=11424e0d880000 https://syzkaller.appspot.com/text?tag=ReproSyz&x=15820121880000 https://syzkaller.appspot.com/text?tag=ReproSyz&x=164b1bd9880000 https://syzkaller.appspot.com/text?tag=ReproSyz&x=164288e3880000 https://syzkaller.appspot.com/text?tag=ReproSyz&x=15bf6cad880000 https://syzkaller.appspot.com/text?tag=ReproSyz&x=17822aad880000
155,https://syzkaller.appspot.com/bug?id=bd729504526583afbae896e4862ba0e08afc95ba,KASAN: null-ptr-deref Write in io_file_get_normal,2022/03/31,https://syzkaller.appspot.com/text?tag=KernelConfig&x=cbe9807ac28f21a3,https://syzkaller.appspot.com/text?tag=CrashReport&x=119de957f00000,https://git.kernel.org/pub/scm/linux/kernel/git/torvalds/linux.git/log/?id=6bfb56e93bcef41859c2d5ab234ffd80b691be35,2022/06/09,https://git.kernel.org/pub/scm/linux/kernel/git/torvalds/linux.git/commit/?id=d5361233e9ab920e135819f73dd8466355f1fddd,2022-04-07,https://git.kernel.org/pub/scm/linux/kernel/git/torvalds/linux.git/commit/?id=6bf9c47a398911e0ab920e362115153596c80432,2022-04-07,good,c686f7a5cbe2eff3c9b41f225fb7cf9e163cde5c,2022-03-29,c686f7a5cbe2eff3c9b41f225fb7cf9e163cde5c,2022-03-29,https://syzkaller.appspot.com/text?tag=ReproSyz&x=1434c99b700000,,https://syzkaller.appspot.com/text?tag=ReproSyz&x=16dc922d700000 https://syzkaller.appspot.com/text?tag=ReproSyz&x=1434c99b700000 https://syzkaller.appspot.com/text?tag=ReproSyz&x=17ca525ff00000 https://syzkaller.appspot.com/text?tag=ReproSyz&x=11f1312ff00000 https://syzkaller.appspot.com/text?tag=ReproSyz&x=154b91a7f00000 https://syzkaller.appspot.com/text?tag=ReproSyz&x=17299a18080000
158,https://syzkaller.appspot.com/bug?id=dad6a582c4d54162ae8d096210ca126b659fd8c0,KASAN: slab-out-of-bounds Read in hfs_cat_keycmp,2022/12/13,https://syzkaller.appspot.com/text?tag=KernelConfig&x=f3de84cba2ef4a23,https://syzkaller.appspot.com/text?tag=CrashReport&x=10aa7b57880000,https://git.kernel.org/pub/scm/linux/kernel/git/torvalds/linux.git/log/?id=3a28c2c89f4b412b648761430720d40a8dc326ef,2022/12/13,https://git.kernel.org/pub/scm/linux/kernel/git/torvalds/linux.git/commit/?id=c53ed55cb275344086e32a7080a6b19cb183650b,2022-12-11,https://git.kernel.org/pub/scm/linux/kernel/git/torvalds/linux.git/commit/?id=328b9227865026268261a24a97a578907b280415,2005-09-07,error,,,,,,bisection is taking too long (>8h0m0s),https://syzkaller.appspot.com/text?tag=ReproSyz&x=1261813b880000
162,https://syzkaller.appspot.com/bug?id=8dc7a6aed7b8ead4c982ecdf2cd1ea5a4c3b57bb,WARNING in notify_change (2),2022/11/22,https://syzkaller.appspot.com/text?tag=KernelConfig&x=8232c7627e3f923,https://syzkaller.appspot.com/text?tag=CrashReport&x=17ae5c39880000,https://git.kernel.org/pub/scm/linux/kernel/git/torvalds/linux.git/log/?id=eb7081409f94a9a8608593d0fb63a1aa3d6f95d8,2022/11/22,https://git.kernel.org/pub/scm/linux/kernel/git/torvalds/linux.git/commit/?id=44361e8cf9ddb23f17bdcc40ca944abf32e83e79,2022-11-23,https://git.kernel.org/pub/scm/linux/kernel/git/torvalds/linux.git/commit/?id=4a6f278d4827b59ba26ceae0ff4529ee826aa258,2022-10-28,good,da3c6c836fb1a0b9f08a7efabbfb7e31a0c816f7,2021-03-07,eb7081409f94a9a8608593d0fb63a1aa3d6f95d8,2022-11-20,https://syzkaller.appspot.com/text?tag=ReproSyz&x=11a17fe9880000,,https://syzkaller.appspot.com/text?tag=ReproSyz&x=11a17fe9880000 https://syzkaller.appspot.com/text?tag=ReproSyz&x=159fdac9880000
170,https://syzkaller.appspot.com/bug?id=c434e401d70d584f408424099090ddebe2076705,UBSAN: shift-out-of-bounds in ntfs_fill_super,2022/04/21,https://syzkaller.appspot.com/text?tag=KernelConfig&x=ff9f8140cbb3af7,https://syzkaller.appspot.com/text?tag=CrashReport&x=16968cdcf00000,https://git.kernel.org/pub/scm/linux/kernel/git/torvalds/linux.git/log/?id=b253435746d9a4a701b5f09211b9c14d3370d0da,2022/04/21,https://git.kernel.org/pub/scm/linux/kernel/git/torvalds/linux.git/commit/?id=a3b774342fa752a5290c0de36375289dfcf4a260,2022-05-12,https://git.kernel.org/pub/scm/linux/kernel/git/torvalds/linux.git/commit/?id=82cae269cfa953032fbb8980a7d554d60fb00b17,2021-08-13,good,adf9ea89c719c1d23794e363f631e376b3ff8cbc,2021-08-30,f7464060f7ab9a2424428008f0ee9f1e267e410f,2021-09-04,https://syzkaller.appspot.com/text?tag=ReproSyz&x=12e13cfcf00000,,https://syzkaller.appspot.com/text?tag=ReproSyz&x=12e13cfcf00000 https://syzkaller.appspot.com/text?tag=ReproSyz&x=14ec2b65080000 https://syzkaller.appspot.com/text?tag=ReproSyz&x=11312e38880000 https://syzkaller.appspot.com/text?tag=ReproSyz&x=105a106c880000 https://syzkaller.appspot.com/text?tag=ReproSyz&x=126f7ab8880000 https://syzkaller.appspot.com/text?tag=ReproSyz&x=12c790e8880000 https://syzkaller.appspot.com/text?tag=ReproSyz&x=11d32fb6880000 https://syzkaller.appspot.com/text?tag=ReproSyz&x=103ff477880000
173,https://syzkaller.appspot.com/bug?id=df1627594ef123f71d415a6a11b388e53c310fa3,general protection fault in __dentry_path (2),2022/04/11,https://syzkaller.appspot.com/text?tag=KernelConfig&x=9ac56d6828346c4e,https://syzkaller.appspot.com/text?tag=CrashReport&x=177b31b0f00000,https://git.kernel.org/pub/scm/linux/kernel/git/torvalds/linux.git/log/?id=028192fea1de083f4f12bfb1eb7c4d7beb5c8ecd,2022/04/15,https://git.kernel.org/pub/scm/linux/kernel/git/torvalds/linux.git/commit/?id=5c697c367a66307a5d943c3449421aff2aa3ca4a,2022-04-21,https://git.kernel.org/pub/scm/linux/kernel/git/torvalds/linux.git/commit/?id=a44a4cc1c969afec97dbb2aedaf6f38eaa6253bb,2022-04-07,error,,,,,,the crash wasn't reproduced on the original commit,https://syzkaller.appspot.com/text?tag=ReproSyz&x=17903a8f700000 https://syzkaller.appspot.com/text?tag=ReproSyz&x=133f0a90f00000 https://syzkaller.appspot.com/text?tag=ReproSyz&x=14f73de4f00000
224,https://syzkaller.appspot.com/bug?id=e6bbec1dac645e4ff5e5ffe74912a2808e95fe62,KASAN: use-after-free Read in srcu_invoke_callbacks,2022/01/07,https://syzkaller.appspot.com/text?tag=KernelConfig&x=a8db61f521ec3155,https://syzkaller.appspot.com/text?tag=CrashReport&x=12c23a18700000,https://git.kernel.org/pub/scm/linux/kernel/git/torvalds/linux.git/log/?id=1d1df41c5a33359a00e919d54eaebfb789711fdc,2022/01/20,https://git.kernel.org/pub/scm/linux/kernel/git/torvalds/linux.git/commit/?id=850fd2abbe02eb2b52cbb1550adbcc89b36d65de,2022-01-17,https://git.kernel.org/pub/scm/linux/kernel/git/torvalds/linux.git/commit/?id=704b914f15fb7daaf517e3acc4bed472b50ca19e,2021-12-03,error,,,,,,the crash wasn't reproduced on the original commit,https://syzkaller.appspot.com/text?tag=ReproSyz&x=12b08f53b00000 https://syzkaller.appspot.com/text?tag=ReproSyz&x=11e5cb2fb00000
278,https://syzkaller.appspot.com/bug?id=01960f604c9e139580b9b2af9103a3f2da7eac4c,BUG: unable to handle kernel NULL pointer dereference in bpf,2021/10/30,https://syzkaller.appspot.com/text?tag=KernelConfig&x=dc943eeb68074e3,https://syzkaller.appspot.com/text?tag=CrashReport&x=17bfd30bb00000,https://git.kernel.org/pub/scm/linux/kernel/git/torvalds/linux.git/log/?id=278218f6778bc7d6f8b67199446c56cec7ebb841,2022/01/02,https://git.kernel.org/pub/scm/linux/kernel/git/torvalds/linux.git/commit/?id=ad10c381d133d9f786564bff4b223be1372f6c2a,2021-11-01,https://git.kernel.org/pub/scm/linux/kernel/git/torvalds/linux.git/commit/?id=9330986c03006ab1d33d243b7cfe598a7a3c1baa,2021-10-28,good,9330986c03006ab1d33d243b7cfe598a7a3c1baa,2021-10-28,9330986c03006ab1d33d243b7cfe598a7a3c1baa,2021-10-28,https://syzkaller.appspot.com/text?tag=ReproSyz&x=1112a082b00000,,https://syzkaller.appspot.com/text?tag=ReproSyz&x=1112a082b00000 https://syzkaller.appspot.com/text?tag=ReproSyz&x=17643393b00000 https://syzkaller.appspot.com/text?tag=ReproSyz&x=12549171b00000 https://syzkaller.appspot.com/text?tag=ReproSyz&x=1551025db00000 https://syzkaller.appspot.com/text?tag=ReproSyz&x=110a342bb00000 https://syzkaller.appspot.com/text?tag=ReproSyz&x=147b4d57b00000 https://syzkaller.appspot.com/text?tag=ReproSyz&x=15e54b71b00000 https://syzkaller.appspot.com/text?tag=ReproSyz&x=132cc823b00000 https://syzkaller.appspot.com/text?tag=ReproSyz&x=1442341db00000
768,https://syzkaller.appspot.com/bug?extid=e0b615318f8fcfc01ceb,KASAN: slab-use-after-free Read in btrfs_qgroup_account_extent,2023/09/24,https://syzkaller.appspot.com/text?tag=KernelConfig&x=414f578e7f8d77a7,https://syzkaller.appspot.com/text?tag=CrashReport&x=1616b56f680000,https://git.kernel.org/pub/scm/linux/kernel/git/torvalds/linux.git/log/?id=5a6a09e97199d6600d31383055f9d43fbbcbe86f,2023/10/31,https://git.kernel.org/pub/scm/linux/kernel/git/torvalds/linux.git/commit/?id=6c8e69e4a702b072206f166111c003d704de15d9,2023-11-09,https://git.kernel.org/pub/scm/linux/kernel/git/torvalds/linux.git/commit/?id=dce28769a33a95425b007f00842d6e12ffa28f83,2023-10-12,good,dce28769a33a95425b007f00842d6e12ffa28f83,2023-10-12,dce28769a33a95425b007f00842d6e12ffa28f83,2023-10-12,https://syzkaller.appspot.com/text?tag=ReproSyz&x=14cae708e80000,,https://syzkaller.appspot.com/text?tag=ReproSyz&x=1119f3f7680000 https://syzkaller.appspot.com/text?tag=ReproSyz&x=14b6f140e80000 https://syzkaller.appspot.com/text?tag=ReproSyz&x=14cae708e80000 https://syzkaller.appspot.com/text?tag=ReproSyz&x=10226aff680000
770,https://syzkaller.appspot.com/bug?extid=62d7eef57b09bfebcd84,WARNING in rate_control_rate_init (2),2023/06/28,https://syzkaller.appspot.com/text?tag=KernelConfig&x=b8f24c1070268858,https://syzkaller.appspot.com/text?tag=CrashReport&x=15510670a80000,https://git.kernel.org/pub/scm/linux/kernel/git/torvalds/linux.git/log/?id=6e2332e0ab532eb01f1fde39080dbfa9bf65c4cf,2023/06/28,https://git.kernel.org/pub/scm/linux/kernel/git/torvalds/linux.git/commit/?id=c1393c132b906fbdf91f6d1c9eb2ef7a00cce64e,2023-12-12,https://git.kernel.org/pub/scm/linux/kernel/git/torvalds/linux.git/commit/?id=b303835dabe0340f932ebb4e260d2229f79b0684,2022-08-25,good,b303835dabe0340f932ebb4e260d2229f79b0684,2022-08-25,b303835dabe0340f932ebb4e260d2229f79b0684,2022-08-25,https://syzkaller.appspot.com/text?tag=ReproSyz&x=10a4fc64e80000,,https://syzkaller.appspot.com/text?tag=ReproSyz&x=171c0767280000 https://syzkaller.appspot.com/text?tag=ReproSyz&x=168773e8e80000 https://syzkaller.appspot.com/text?tag=ReproSyz&x=10a4fc64e80000 https://syzkaller.appspot.com/text?tag=ReproSyz&x=11e7d132e80000
774,https://syzkaller.appspot.com/bug?extid=6ada951e7c0f7bc8a71e,general protection fault in hugetlb_vma_lock_write,2023/10/28,https://syzkaller.appspot.com/text?tag=KernelConfig&x=9ee601744db6e780,https://syzkaller.appspot.com/text?tag=CrashReport&x=104383b9680000,https://git.kernel.org/pub/scm/linux/kernel/git/torvalds/linux.git/log/?id=888cf78c29e223fd808682f477c18cf8f61ad995,2023/10/28,https://git.kernel.org/pub/scm/linux/kernel/git/torvalds/linux.git/commit/?id=187da0f8250aa94bd96266096aef6f694e0b4cd2,2023-12-06,https://git.kernel.org/pub/scm/linux/kernel/git/torvalds/linux.git/commit/?id=bf4916922c60f43efaa329744b3eef539aa6a2b2,2023-10-18,good,bf4916922c60f43efaa329744b3eef539aa6a2b2,2023-10-18,888cf78c29e223fd808682f477c18cf8f61ad995,2023-10-27,https://syzkaller.appspot.com/text?tag=ReproSyz&x=10fa2557680000,,https://syzkaller.appspot.com/text?tag=ReproSyz&x=10fa2557680000 https://syzkaller.appspot.com/text?tag=ReproSyz&x=1231043b680000 https://syzkaller.appspot.com/text?tag=ReproSyz&x=10b5833b680000 https://syzkaller.appspot.com/text?tag=ReproSyz&x=13523017680000 https://syzkaller.appspot.com/text?tag=ReproSyz&x=15f1c63d680000 https://syzkaller.appspot.com/text?tag=ReproSyz&x=12c21cf7680000 https://syzkaller.appspot.com/text?tag=ReproSyz&x=126cdebb680000 https://syzkaller.appspot.com/text?tag=ReproSyz&x=1444e99b680000 https://syzkaller.appspot.com/text?tag=ReproSyz&x=16c6f6cf680000 https://syzkaller.appspot.com/text?tag=ReproSyz&x=17e6f6eb680000 https://syzkaller.appspot.com/text?tag=ReproSyz&x=15dd5387680000 https://syzkaller.appspot.com/text?tag=ReproSyz&x=17b77d7f680000 https://syzkaller.appspot.com/text?tag=ReproSyz&x=113508df680000 https://syzkaller.appspot.com/text?tag=ReproSyz&x=14b0dc0f680000 https://syzkaller.appspot.com/text?tag=ReproSyz&x=160191ef680000 https://syzkaller.appspot.com/text?tag=ReproSyz&x=17f1847b680000 https://syzkaller.appspot.com/text?tag=ReproSyz&x=11d64b47680000 https://syzkaller.appspot.com/text?tag=ReproSyz&x=10396700e80000 https://syzkaller.appspot.com/text?tag=ReproSyz&x=1590c3af680000 https://syzkaller.appspot.com/text?tag=ReproSyz&x=15c871c8e80000 https://syzkaller.appspot.com/text?tag=ReproSyz&x=1533718ce80000 https://syzkaller.appspot.com/text?tag=ReproSyz&x=110e238ce80000
778,https://syzkaller.appspot.com/bug?extid=fcc47ba2476570cbbeb0,WARNING in blk_mq_start_request,2023/11/03,https://syzkaller.appspot.com/text?tag=KernelConfig&x=5316ad879647e3c5,https://syzkaller.appspot.com/text?tag=CrashReport&x=14f12557680000,https://git.kernel.org/pub/scm/linux/kernel/git/torvalds/linux.git/log/?id=4652b8e4f3ffa48c706ec334f048c217a7d9750d,2023/11/03,https://git.kernel.org/pub/scm/linux/kernel/git/torvalds/linux.git/commit/?id=53f2bca2609237f910531f2c1a7779b16ce7952d,2023-11-20,https://git.kernel.org/pub/scm/linux/kernel/git/torvalds/linux.git/commit/?id=d78bfa1346ab1fe04d20aa45a0678d1fc866f37c,2023-09-22,good,d78bfa1346ab1fe04d20aa45a0678d1fc866f37c,2023-09-22,d78bfa1346ab1fe04d20aa45a0678d1fc866f37c,2023-09-22,https://syzkaller.appspot.com/text?tag=ReproSyz&x=1465bb08e80000,,https://syzkaller.appspot.com/text?tag=ReproSyz&x=13489af3680000 https://syzkaller.appspot.com/text?tag=ReproSyz&x=1465bb08e80000
806,https://syzkaller.appspot.com/bug?extid=410a8e33c6a740b40d51,general protection fault in hci_register_dev,2023/09/03,https://syzkaller.appspot.com/text?tag=KernelConfig&x=3bd57a1ac08277b0,https://syzkaller.appspot.com/text?tag=CrashReport&x=140de814680000,https://git.kernel.org/pub/scm/linux/kernel/git/torvalds/linux.git/log/?id=92901222f83d988617aee37680cb29e1a743b5e4,2023/09/03,https://git.kernel.org/pub/scm/linux/kernel/git/torvalds/linux.git/commit/?id=fd6f7ad2fd4d53fa14f4fd190f9b05d043973892,2023-09-12,https://git.kernel.org/pub/scm/linux/kernel/git/torvalds/linux.git/commit/?id=d21fdd07cea418c0d98c8a15fc95b8b8970801e7,2023-08-22,good,bd30fe6a7d9b72e73c5ac9109cbc3066dde08034,2023-09-01,92901222f83d988617aee37680cb29e1a743b5e4,2023-09-02,https://syzkaller.appspot.com/text?tag=ReproSyz&x=14df7104680000,,https://syzkaller.appspot.com/text?tag=ReproSyz&x=14df7104680000
814,https://syzkaller.appspot.com/bug?extid=bc79f8d1898960d41073,KASAN: slab-use-after-free Read in ntfs_write_bh,2023/09/07,https://syzkaller.appspot.com/text?tag=KernelConfig&x=ed626705db308b2d,https://syzkaller.appspot.com/text?tag=CrashReport&x=14ece6a4680000,https://git.kernel.org/pub/scm/linux/kernel/git/torvalds/linux.git/log/?id=4a0fc73da97efd23a383ca839e6fe86410268f6b,2023/09/07,https://git.kernel.org/pub/scm/linux/kernel/git/torvalds/linux.git/commit/?id=493c71926c20309226b6d73f6b661a9813de5f0b,2023-09-25,https://git.kernel.org/pub/scm/linux/kernel/git/torvalds/linux.git/commit/?id=78a06688a4d40d9bb6138e2b9ad3353d7bf0157a,2023-09-07,good,5f0fb2210bb34ecd3f7bfde0d8f0068b79b2e094,2023-08-10,6465e260f48790807eef06b583b38ca9789b6072,2023-09-24,https://syzkaller.appspot.com/text?tag=ReproSyz&x=14aa4e32680000,,https://syzkaller.appspot.com/text?tag=ReproSyz&x=14aa4e32680000
821,https://syzkaller.appspot.com/bug?extid=d810d3cd45ed1848c3f7,WARNING in ip6_tnl_exit_batch_net,2023/08/10,https://syzkaller.appspot.com/text?tag=KernelConfig&x=da6e201fec031cc0,https://syzkaller.appspot.com/text?tag=CrashReport&x=1469b63ba80000,https://git.kernel.org/pub/scm/linux/kernel/git/torvalds/linux.git/log/?id=9106536c1aa37bcf60202ad93bb8b94bcd29f3f0,2023/08/11,https://git.kernel.org/pub/scm/linux/kernel/git/torvalds/linux.git/commit/?id=ace0ab3a4b54205a01d3f4a0fd9bdb4616cfb60b,2023-08-14,https://git.kernel.org/pub/scm/linux/kernel/git/torvalds/linux.git/commit/?id=718cb09aaa6fa78cc8124e9517efbc6c92665384,2023-08-09,good,718cb09aaa6fa78cc8124e9517efbc6c92665384,2023-08-09,048c796beb6eb4fa3a5a647ee1c81f5c6f0f6a2a,2023-08-09,https://syzkaller.appspot.com/text?tag=ReproSyz&x=1475a873a80000,,https://syzkaller.appspot.com/text?tag=ReproSyz&x=1475a873a80000
835,https://syzkaller.appspot.com/bug?extid=893c55305230e719a203,KASAN: use-after-free Read in gsm_cleanup_mux,2022/10/28,https://syzkaller.appspot.com/text?tag=KernelConfig&x=a66c6c673fb555e8,https://syzkaller.appspot.com/text?tag=CrashReport&x=1619ccea880000,https://git.kernel.org/pub/scm/linux/kernel/git/torvalds/linux.git/log/?id=b229b6ca5abbd63ff40c1396095b1b36b18139c3,2022/10/28,https://git.kernel.org/pub/scm/linux/kernel/git/torvalds/linux.git/commit/?id=3c4f8333b582487a2d1e02171f1465531cde53e3,2023-08-11,https://git.kernel.org/pub/scm/linux/kernel/git/torvalds/linux.git/commit/?id=aa371e96f05dcb36a88298f5cb70aa7234d5e8b8,2022-04-15,good,01aecd917114577c423f07cec0d186ad007d76fc,2022-07-01,01aecd917114577c423f07cec0d186ad007d76fc,2022-07-01,https://syzkaller.appspot.com/text?tag=ReproSyz&x=12b1ca83880000,,https://syzkaller.appspot.com/text?tag=ReproSyz&x=12b1ca83880000 https://syzkaller.appspot.com/text?tag=ReproSyz&x=137c66f4480000 https://syzkaller.appspot.com/text?tag=ReproSyz&x=16180a14280000 https://syzkaller.appspot.com/text?tag=ReproSyz&x=1674fc99280000 https://syzkaller.appspot.com/text?tag=ReproSyz&x=1040a5f3280000 https://syzkaller.appspot.com/text?tag=ReproSyz&x=1532febf280000 https://syzkaller.appspot.com/text?tag=ReproSyz&x=1759c0c9a80000
839,https://syzkaller.appspot.com/bug?extid=70b97abe3e253d1c3f8e,kernel BUG in validate_mm (2),2023/07/02,https://syzkaller.appspot.com/text?tag=KernelConfig&x=7406f415f386e786,https://syzkaller.appspot.com/text?tag=CrashReport&x=10f2938f280000,https://git.kernel.org/pub/scm/linux/kernel/git/torvalds/linux.git/log/?id=f8566aa4f1766bb0267b7a0ed89c1d2c4a82ee1a,2023/07/02,https://git.kernel.org/pub/scm/linux/kernel/git/torvalds/linux.git/commit/?id=ae80b404198434e49e903dc3b1ba83e2c7bb3ee2,2023-07-03,https://git.kernel.org/pub/scm/linux/kernel/git/torvalds/linux.git/commit/?id=408579cd627a15bd703fe3eeb8485fd02726e9d3,2023-07-01,good,6995e2de6891c724bfeb2db33d7b87775f913ad1,2023-06-25,a901a3568fd26ca9c4a82d8bc5ed5b3ed844d451,2023-07-02,https://syzkaller.appspot.com/text?tag=ReproSyz&x=1115c348a80000,,https://syzkaller.appspot.com/text?tag=ReproSyz&x=151822fb280000 https://syzkaller.appspot.com/text?tag=ReproSyz&x=151524e7280000 https://syzkaller.appspot.com/text?tag=ReproSyz&x=133a2dfb280000 https://syzkaller.appspot.com/text?tag=ReproSyz&x=102a7fcb280000 https://syzkaller.appspot.com/text?tag=ReproSyz&x=167187eca80000 https://syzkaller.appspot.com/text?tag=ReproSyz&x=152be50b280000 https://syzkaller.appspot.com/text?tag=ReproSyz&x=160f9d48a80000 https://syzkaller.appspot.com/text?tag=ReproSyz&x=1115c348a80000 https://syzkaller.appspot.com/text?tag=ReproSyz&x=12f8c030a80000 https://syzkaller.appspot.com/text?tag=ReproSyz&x=16eb622ca80000 https://syzkaller.appspot.com/text?tag=ReproSyz&x=1511d490a80000
850,https://syzkaller.appspot.com/bug?extid=c4614eae20a166c25bf0,kernel BUG in assertfail (2),2022/09/26,https://syzkaller.appspot.com/text?tag=KernelConfig&x=ba0d23aa7e1ffaf5,https://syzkaller.appspot.com/text?tag=CrashReport&x=100f6760880000,https://git.kernel.org/pub/scm/linux/kernel/git/torvalds/linux.git/log/?id=3800a713b6070d4f03fb43613a7b7d536a99b2b7,2022/09/27,https://git.kernel.org/pub/scm/linux/kernel/git/torvalds/linux.git/commit/?id=745806fb4554f334e6406fa82b328562aa48f08f,2023-06-13,https://git.kernel.org/pub/scm/linux/kernel/git/torvalds/linux.git/commit/?id=abed4aaae4f71a7bcdbe90a65319b6e772a2689d,2022-01-03,good,abed4aaae4f71a7bcdbe90a65319b6e772a2689d,2022-01-03,,,https://syzkaller.appspot.com/text?tag=ReproSyz&x=15e3b960880000,,https://syzkaller.appspot.com/text?tag=ReproSyz&x=164f9ca8880000 https://syzkaller.appspot.com/text?tag=ReproSyz&x=100c0298880000 https://syzkaller.appspot.com/text?tag=ReproSyz&x=15e3b960880000 https://syzkaller.appspot.com/text?tag=ReproSyz&x=13af62e3880000 https://syzkaller.appspot.com/text?tag=ReproSyz&x=14078087880000 https://syzkaller.appspot.com/text?tag=ReproSyz&x=1492b620480000 https://syzkaller.appspot.com/text?tag=ReproSyz&x=12dbf80e280000 https://syzkaller.appspot.com/text?tag=ReproSyz&x=114c7d99280000 https://syzkaller.appspot.com/text?tag=ReproSyz&x=132c7369280000 https://syzkaller.appspot.com/text?tag=ReproSyz&x=11e69f33280000
860,https://syzkaller.appspot.com/bug?extid=b825d87fe2d043e3e652,possible deadlock in sco_conn_del,2022/04/03,https://syzkaller.appspot.com/text?tag=KernelConfig&x=25cca39874d6b55f,https://syzkaller.appspot.com/text?tag=CrashReport&x=138d57b0080000,https://git.kernel.org/pub/scm/linux/kernel/git/torvalds/linux.git/log/?id=a111daf0c53ae91e71fd2bfe7497862d14132e3e,2022/06/20,https://git.kernel.org/pub/scm/linux/kernel/git/torvalds/linux.git/commit/?id=a2ac591cb4d83e1f2d4b4adb3c14b2c79764650a,2023-05-19,https://git.kernel.org/pub/scm/linux/kernel/git/torvalds/linux.git/commit/?id=06149746e7203d5ffe2d6faf9799ee36203aa8b8,2023-04-23,good,92b8aa6d18f7a9ae36a0f71d31742aeef201207a,2022-04-05,92b8aa6d18f7a9ae36a0f71d31742aeef201207a,2022-04-05,https://syzkaller.appspot.com/text?tag=ReproSyz&x=16a2ff0f700000,,https://syzkaller.appspot.com/text?tag=ReproSyz&x=16a2ff0f700000 https://syzkaller.appspot.com/text?tag=ReproSyz&x=139f5c60080000 https://syzkaller.appspot.com/text?tag=ReproSyz&x=12a69790080000 https://syzkaller.appspot.com/text?tag=ReproSyz&x=1736943e080000 https://syzkaller.appspot.com/text?tag=ReproSyz&x=1470492e080000 https://syzkaller.appspot.com/text?tag=ReproSyz&x=1636d896080000 https://syzkaller.appspot.com/text?tag=ReproSyz&x=1341710d080000 https://syzkaller.appspot.com/text?tag=ReproSyz&x=110732b3080000 https://syzkaller.appspot.com/text?tag=ReproSyz&x=132e9e27080000 https://syzkaller.appspot.com/text?tag=ReproSyz&x=14153fc5080000 https://syzkaller.appspot.com/text?tag=ReproSyz&x=1229a83a880000 https://syzkaller.appspot.com/text?tag=ReproSyz&x=14a2798e880000 https://syzkaller.appspot.com/text?tag=ReproSyz&x=169d2fe9880000 https://syzkaller.appspot.com/text?tag=ReproSyz&x=100967f2480000 https://syzkaller.appspot.com/text?tag=ReproSyz&x=10052058480000 https://syzkaller.appspot.com/text?tag=ReproSyz&x=160c7440c80000
864,https://syzkaller.appspot.com/bug?extid=8bb72f86fc823817bc5d,KASAN: slab-use-after-free Read in hci_conn_hash_flush,2023/02/28,https://syzkaller.appspot.com/text?tag=KernelConfig&x=5eadbf0d3c2ece89,https://syzkaller.appspot.com/text?tag=CrashReport&x=17a0eae4280000,https://git.kernel.org/pub/scm/linux/kernel/git/torvalds/linux.git/log/?id=58390c8ce1bddb6c623f62e7ed36383e7fa5c02f,2023/05/01,https://git.kernel.org/pub/scm/linux/kernel/git/torvalds/linux.git/commit/?id=a2ac591cb4d83e1f2d4b4adb3c14b2c79764650a,2023-05-19,https://git.kernel.org/pub/scm/linux/kernel/git/torvalds/linux.git/commit/?id=06149746e7203d5ffe2d6faf9799ee36203aa8b8,2023-04-23,error,,,,,,the crash wasn't reproduced on the original commit,https://syzkaller.appspot.com/text?tag=ReproSyz&x=1689e402280000 https://syzkaller.appspot.com/text?tag=ReproSyz&x=121cf70c280000 https://syzkaller.appspot.com/text?tag=ReproSyz&x=1395f544280000 https://syzkaller.appspot.com/text?tag=ReproSyz&x=15786fc8280000 https://syzkaller.appspot.com/text?tag=ReproSyz&x=1200bfc2280000 https://syzkaller.appspot.com/text?tag=ReproSyz&x=1125e4b8280000 https://syzkaller.appspot.com/text?tag=ReproSyz&x=1530fb12280000 https://syzkaller.appspot.com/text?tag=ReproSyz&x=10138d14280000 https://syzkaller.appspot.com/text?tag=ReproSyz&x=11db4e46280000
890,https://syzkaller.appspot.com/bug?extid=a7c1ec5b1d71ceaa5186,KASAN: slab-use-after-free Read in mas_next_entry,2023/04/04,https://syzkaller.appspot.com/text?tag=KernelConfig&x=d3500b143c204867,https://syzkaller.appspot.com/text?tag=CrashReport&x=17676759c80000,https://git.kernel.org/pub/scm/linux/kernel/git/torvalds/linux.git/log/?id=148341f0a2f53b5e8808d093333d85170586a15d,2023/04/04,https://git.kernel.org/pub/scm/linux/kernel/git/torvalds/linux.git/commit/?id=f4e9e0e69468583c2c6d9d5c7bfc975e292bf188,2023-04-16,https://git.kernel.org/pub/scm/linux/kernel/git/torvalds/linux.git/commit/?id=66850be55e8e5f371db2c091751a932a656c5f4d,2022-09-26,error,,,f2afccfefe7be1f7346564fe619277110d341f9b,2023-04-06,,bisection is taking too long (>8h0m0s),https://syzkaller.appspot.com/text?tag=ReproSyz&x=1033df79c80000
891,https://syzkaller.appspot.com/bug?extid=2bcc0d79e548c4f62a59,WARNING in blkdev_put (2),2023/02/21,https://syzkaller.appspot.com/text?tag=KernelConfig&x=ff98a3b3c1aed3ab,https://syzkaller.appspot.com/text?tag=CrashReport&x=15da8304c80000,https://git.kernel.org/pub/scm/linux/kernel/git/torvalds/linux.git/log/?id=c29214bc89169f735657f614bde7c0fad74bd1b5,2023/03/04,https://git.kernel.org/pub/scm/linux/kernel/git/torvalds/linux.git/commit/?id=428913bce1e67ccb4dae317fd0332545bf8c9233,2023-03-07,https://git.kernel.org/pub/scm/linux/kernel/git/torvalds/linux.git/commit/?id=e5cfefa97bccf956ea0bb6464c1f6c84fd7a8d9f,2023-02-17,good,e2499c365ba82d2346eb0cb5f1bcbc8b171b415e,2023-02-10,63e74256c3fae2004f1cd6263cd2c92b91375b63,2023-02-20,https://syzkaller.appspot.com/text?tag=ReproSyz&x=1227e837480000,,https://syzkaller.appspot.com/text?tag=ReproSyz&x=1227e837480000
892,https://syzkaller.appspot.com/bug?extid=1e608ba4217c96d1952f,general protection fault in pn533_out_complete,2023/01/10,https://syzkaller.appspot.com/text?tag=KernelConfig&x=2b6ecad960fc703e,https://syzkaller.appspot.com/text?tag=CrashReport&x=124e7ca6480000,https://git.kernel.org/pub/scm/linux/kernel/git/torvalds/linux.git/log/?id=d9fc1511728c15df49ff18e49a494d00f78b7cd4,2023/01/13,https://git.kernel.org/pub/scm/linux/kernel/git/torvalds/linux.git/commit/?id=484b7059796e3bc1cb527caa61dfc60da649b4f6,2023-03-10,https://git.kernel.org/pub/scm/linux/kernel/git/torvalds/linux.git/commit/?id=9dab880d675b9d0dd56c6428e4e8352a3339371d,2023-01-09,error,,,,,,commit 435bf71af3a0aa8067f3b87ff9febf68b564dbb6 not reachable in branch 'master',https://syzkaller.appspot.com/text?tag=ReproSyz&x=14c88886480000
915,https://syzkaller.appspot.com/bug?extid=b9bd12fbed3485a3e51f,general protection fault in __pm_runtime_resume (2),2022/03/09,https://syzkaller.appspot.com/text?tag=KernelConfig&x=442f8ac61e60a75e,https://syzkaller.appspot.com/text?tag=CrashReport&x=1089cb9e700000,https://git.kernel.org/pub/scm/linux/kernel/git/torvalds/linux.git/log/?id=92f90cc9fe0e7a984ea3d4bf3d120e30ba8a2118,2022/03/09,https://git.kernel.org/pub/scm/linux/kernel/git/torvalds/linux.git/commit/?id=32cb08e958696908a9aad5e49a78d74f7e32fffb,2022-03-18,https://git.kernel.org/pub/scm/linux/kernel/git/torvalds/linux.git/commit/?id=d9dd833cf6d29695682ec7e7924c0d0992b906bc,2021-07-23,error,,,,,,the crash wasn't reproduced on the original commit,https://syzkaller.appspot.com/text?tag=ReproSyz&x=15b64e79700000
