Bug Number,Revealing Factor,Reveal Group,Sanitizer,Crash Type,Arch,Finding Date,Revealing Date,Merge Date,Guilty Date,D2 (days),D1 (days),D1 since Syzkaller,Total Delay,D1 Ratio,Hidden-on-Birth,Before Syzbot,Old/New,Location,Root Dir,,,,,
2,Guilty Merge,Guilty Commit,none,Info,amd64,7/15/2022,7/13/2022,7/13/2022,6/29/2022,2,0,0,2,0,0,After,New,net/mac80211,net,,,,,
3,Template,Template,none,Warning,amd64,10/7/2020,10/1/2020,10/10/2013,9/26/2013,6,2548,1167,1173,0.9949,1,Before,Old,net/mac80211,net,,,,,
4,Template,Template,Kmemleak,Memory Leak,amd64,3/19/2022,3/16/2022,6/13/2020,5/19/2020,3,641,641,644,0.9953,1,After,Old,kernel,kernel,,,,,
6,Template,Template,Kasan,Null-ptr-deref,amd64,3/16/2022,3/16/2022,6/13/2020,5/19/2020,0,641,641,641,1,1,After,Old,mm,mm,,,,,
7,Template,Template,Kmemleak,Memory Leak,amd64,3/16/2022,3/16/2022,6/13/2020,5/19/2020,0,641,641,641,1,1,After,Old,security/keys,security,,,,,
12,Merge Commit,Kernel Reveal,none,Warning,amd64,5/22/2020,3/30/2020,6/20/2009,6/19/2009,53,3936,982,1035,0.9488,1,Before,Old,drivers/video/fbdev,drivers,,,,,
16,Template,Template,none,GPF,amd64,10/10/2021,3/17/2020,9/7/2018,9/3/2018,572,557,557,1129,0.4934,1,After,Old,lib,lib,,,,,
18,Blocking Bug,Blocking Bug,none,Info,amd64,8/21/2022,8/11/2022,8/8/2022,7/1/2022,10,3,3,13,0.2308,1,After,New,drivers/tty,drivers,,,,,
19,Blocking Bug,Blocking Bug,none,Null-ptr-deref,amd64,8/21/2022,8/11/2022,8/8/2022,7/1/2022,10,3,3,13,0.2308,1,After,New,drivers/tty,drivers,,,,,
20,Blocking Bug,Blocking Bug,none,Warning,amd64,8/13/2022,8/11/2022,7/26/2022,7/26/2022,2,16,16,18,0.8889,1,After,New,net/tls,net,,,,,
21,Merge Commit,Kernel Reveal,none,Warning,amd64,1/6/2022,9/8/2019,,4/21/2012,851,2696,778,1629,0.4776,1,Before,Old,net/ipv4,net,,,,,
29,Guilty Merge,Guilty Commit,none,Task hung,amd64,8/22/2022,8/13/2022,8/13/2022,8/1/2022,9,0,0,9,0,0,After,New,drivers/scsi,drivers,,,,,
30,Blocking Bug,Blocking Bug,none,Warning,amd64,7/14/2021,7/3/2021,4/24/2009,4/22/2009,11,4453,1442,1453,0.9924,1,Before,Old,drivers/scsi,drivers,,,,,
32,Blocking Bug,Blocking Bug,none,Bug,amd64,12/15/2022,12/14/2022,12/5/2022,12/1/2022,1,9,9,10,0.9,1,After,New,net/rxrpc,net,,,,,
34,Merge Commit,Kernel Reveal,none,Warning,amd64,12/26/2021,2/3/2020,10/20/2017,10/18/2017,692,836,836,1528,0.5471,1,After,Old,net/rxrpc,net,,,,,
35,Guilty Merge,Guilty Commit,Kasan,Use-after-free,amd64,12/14/2022,12/5/2022,12/5/2022,12/1/2022,9,0,0,9,0,0,After,New,net/rxrpc,net,,,,,
36,Template,Template,Kasan,Use-after-free,amd64,12/13/2021,10/12/2021,,5/14/2019,62,882,882,944,0.9343,1,After,Old,kernel/sched,kernel,,,,,
44,Guilty Merge,Guilty Commit,Kmemleak,Memory Leak,amd64,8/16/2022,2/11/2021,2/11/2021,1/25/2021,551,0,0,551,0,0,After,Old,drivers/bluetooth,drivers,,,,,
47,Merge Commit,Kernel Reveal,Kasan,Use-after-free,amd64,11/29/2019,7/16/2019,,4/16/2005,136,5204,724,860,0.8419,1,Before,Old,net/netrom,net,,,,,
50,Guilty Merge,Guilty Commit,none,Warning,amd64,5/25/2022,5/16/2022,5/16/2022,5/13/2022,9,0,0,9,0,0,After,New,net/netfilter,net,,,,,
51,Merge Commit,Kernel Reveal,Kasan,use-after-free,amd64,12/18/2021,3/19/2021,11/19/2019,11/15/2019,274,486,486,760,0.6395,1,After,Old,net/netfilter,net,,,,,
52,Merge Commit,Kernel Reveal,Kasan,use-after-free,amd64,10/8/2022,6/9/2022,2/17/2021,2/15/2021,121,477,477,598,0.7977,1,After,Old,net/netfilter,net,,,,,
53,Guilty Merge,Guilty Commit,none,Warning,amd64,9/2/2022,8/25/2022,8/25/2022,8/24/2022,8,0,0,8,0,0,After,New,kernel,kernel,,,,,
54,Merge Commit,Kernel Reveal,Kmemleak,Memory Leak,amd64,8/26/2022,10/16/2020,10/26/2019,10/23/2019,679,356,356,1035,0.344,1,After,Old,net/netfilter,net,,,,,
55,Guilty Merge,Guilty Commit,none,Task hung,amd64,11/25/2022,8/6/2021,8/6/2021,8/4/2021,476,0,0,476,0,0,After,Old,net/netfilter,net,,,,,
57,Guilty Merge,Guilty Commit,Kmemleak,Memory Leak,amd64,9/15/2022,8/25/2022,8/25/2022,8/23/2022,21,0,0,21,0,0,After,New,net/bridge/netfilter,net,,,,,
60,Kernel Commit,Kernel Reveal,none,Warning,amd64,10/29/2022,9/22/2021,1/25/2020,1/24/2020,402,606,606,1008,0.6012,1,After,Old,net/netfilter,net,,,,,
67,Guilty Merge,Guilty Commit,none,Task hung,amd64,5/29/2022,5/23/2022,5/23/2022,5/13/2022,6,0,0,6,0,0,After,New,net/bluetooth,net,,,,,
68,Merge Commit,Kernel Reveal,Kasan,Use-after-free,i386,8/28/2022,3/24/2022,4/12/2018,4/11/2018,157,1442,1442,1599,0.9018,1,After,Old,kernel,kernel,,,,,
69,Merge Commit,Kernel Reveal,Kmemleak,Memory Leak,amd64,9/8/2022,6/30/2022,9/26/2017,9/25/2017,70,1738,1738,1808,0.9613,1,After,Old,drivers/net,drivers,,,,,
70,Merge Commit,Kernel Reveal,Kasan,Use-after-free,amd64,10/12/2022,1/11/2022,9/14/2009,9/6/2009,274,4502,1634,1908,0.8564,1,Before,Old,net/core,net,,,,,
72,Merge Commit,Kernel Reveal,none,Deadlock,amd64,10/2/2022,9/24/2022,7/15/2016,7/15/2016,8,2262,1890,1898,0.9958,1,Before,Old,net/rds,net,,,,,
73,Merge Commit,Kernel Reveal,Kasan,Use-after-free,amd64,1/17/2021,8/7/2020,5/11/2015,5/11/2015,163,1915,1112,1275,0.8722,1,Before,Old,net/ipv4,net,,,,,
74,Merge Commit,Kernel Reveal,Kmemleak,Memory Leak,amd64,7/13/2022,6/19/2022,,5/25/2013,24,3312,1793,1817,0.9868,1,Before,Old,net/ipv6,net,,,,,
76,Guilty Merge,Guilty Commit,Kasan,Use-after-free,amd64,9/23/2021,8/20/2021,8/20/2021,8/10/2021,34,0,0,34,0,0,After,New,net/bluetooth,net,,,,,
77,Merge Commit,Kernel Reveal,none,GPF,amd64,5/8/2021,4/29/2021,7/22/2019,7/22/2019,9,647,647,656,0.9863,1,After,Old,net/tls,net,,,,,
78,Merge Commit,Kernel Reveal,Kasan,Slab-Out-of-Bounds,amd64,1/7/2022,12/10/2021,,3/20/2019,28,996,996,1024,0.9727,1,After,Old,net/tls,net,,,,,
79,Guilty Merge,Guilty Commit,Kmemleak,Memory Leak,amd64,3/25/2022,3/1/2022,3/1/2022,3/1/2022,24,0,0,24,0,0,After,New,net/smc,net,,,,,
81,Blocking Bug,Blocking Bug,Kasan,Use-after-free,amd64,8/22/2022,8/11/2022,7/23/2022,7/21/2022,11,19,19,30,0.6333,1,After,New,net/bluetooth,net,,,,,
82,Kernel Commit,Kernel Reveal,Kmemleak,Memory Leak,amd64,2/21/2022,1/11/2022,11/11/2021,11/10/2021,41,61,61,102,0.598,1,After,New,net/smc,net,,,,,
83,Blocking Bug,Blocking Bug,none,GPF,amd64,4/9/2022,3/19/2021,2/21/2019,2/21/2019,386,757,757,1143,0.6623,1,After,Old,net/smc,net,,,,,
85,Guilty Merge,Guilty Commit,Ubsan,shift-out-of-bounds,amd64,5/13/2022,5/12/2022,5/12/2022,5/11/2022,1,0,0,1,0,0,After,New,net/sched,net,,,,,
86,Syzkaller Commit,Syzkaller Commit,Kasan,Slab-Out-of-Bounds,amd64,3/12/2022,2/13/2020,9/21/2005,9/21/2005,758,5258,936,1694,0.5525,1,Before,Old,net/packet,net,,,,,
88,Blocking Bug,Blocking Bug,none,Warning,amd64,8/21/2022,8/11/2022,7/22/2022,7/19/2022,10,20,20,30,0.6667,1,After,New,include/linux,include,,,,,
91,Kernel Commit,Kernel Reveal,none,Warning,amd64,10/24/2022,10/16/2022,,9/11/2022,8,35,35,43,0.814,1,After,New,include/linux,include,,,,,
93,Blocking Bug,Blocking Bug,Kasan,Use-after-free,amd64,9/5/2022,5/8/2021,2/23/2017,2/22/2017,485,1535,1386,1871,0.7408,1,Before,Old,mm,mm,,,,,
94,Guilty Commit,Guilty Commit,Kmemleak,Memory Leak,amd64,12/17/2022,11/30/2022,,11/30/2022,17,0,0,17,0,0,After,New,kernel,kernel,,,,,
95,Template,Template,Kasan,Use-after-free,amd64,2/7/2022,1/27/2022,1/15/2022,1/15/2022,11,12,12,23,0.5217,1,After,New,mm,mm,,,,,
97,Merge Commit,Kernel Reveal,none,Warning,amd64,2/18/2022,11/2/2021,,9/2/2021,108,61,61,169,0.3609,1,After,New,kernel/bpf,kernel,,,,,
103,Template,Template,Kasan,Vmalloc-out-of-bounds,amd64,9/4/2021,4/13/2021,,9/2/2014,144,2415,1361,1505,0.9043,1,Before,Old,drivers/media/common/v4l2-tpg,drivers,,,,,
104,Merge Commit,Kernel Reveal,Ubsan,Array-index-out-of-bounds,amd64,4/10/2022,7/2/2021,6/28/2006,6/27/2006,282,5483,1441,1723,0.8363,1,Before,Old,drivers/media/usb/pvrusb2,drivers,,,,,
105,Blocking Bug,Blocking Bug,none,Warning,amd64,7/1/2022,5/25/2022,,5/19/2010,37,4389,1768,1805,0.9795,1,Before,Old,drivers/usb/core,drivers,,,,,
108,Guilty Merge,Guilty Commit,none,GPF,amd64,3/25/2022,3/24/2022,3/24/2022,3/23/2022,1,0,0,1,0,0,After,New,net/llc,net,,,,,
109,Guilty Merge,Guilty Commit,none,GPF,amd64,3/25/2022,3/24/2022,3/24/2022,3/23/2022,1,0,0,1,0,0,After,New,net/llc,net,,,,,
111,Merge Commit,Kernel Reveal,Kasan,Slab-Out-of-Bounds,amd64,2/16/2022,8/26/2021,4/29/2021,3/19/2021,174,119,119,293,0.4061,1,After,New,drivers/hid,drivers,,,,,
113,Guilty Merge,Guilty Commit,none,Deadlock,amd64,11/18/2022,11/17/2022,11/17/2022,11/16/2022,1,0,0,1,0,0,After,New,net/dccp,net,,,,,
114,Guilty Merge,Guilty Commit,none,Deadlock,amd64,11/19/2022,11/17/2022,11/17/2022,11/16/2022,2,0,0,2,0,0,After,New,net/l2tp,net,,,,,
115,Guilty Merge,Guilty Commit,none,Deadlock,amd64,11/22/2022,11/17/2022,11/17/2022,11/16/2022,5,0,0,5,0,0,After,New,net/smc,net,,,,,
119,Merge Commit,Kernel Reveal,none,GPF,amd64,5/30/2018,5/18/2018,3/9/2016,3/9/2016,12,800,300,312,0.9615,1,Before,Old,include/linux,include,,,,,
122,Syzkaller Commit,Syzkaller Commit,Kasan,Use-after-free,amd64,12/15/2020,1/3/2020,,11/24/2014,347,1866,895,1242,0.7206,1,Before,Old,drivers/net/ipvlan,drivers,,,,,
124,Syzkaller Commit,Syzkaller Commit,Kasan,Slab-Out-of-Bounds,amd64,5/12/2021,1/3/2020,,11/24/2014,495,1866,895,1390,0.6439,1,Before,Old,drivers/net/ipvlan,drivers,,,,,
127,Merge Commit,Kernel Reveal,none,Warning,i386,6/2/2022,5/25/2022,9/7/2021,9/5/2021,8,260,260,268,0.9701,1,After,New,include/linux,include,,,,,
144,Guilty Merge,Guilty Commit,none,Warning,amd64,11/22/2022,11/3/2022,11/3/2022,10/28/2022,19,0,0,19,0,0,After,New,fs,fs,,,,,
151,Guilty Commit,Guilty Commit,Kasan,Use-after-free,amd64,10/16/2022,9/26/2022,,9/26/2022,20,0,0,20,0,0,After,New,lib,lib,,,,,
152,Guilty Commit,Guilty Commit,Kasan,Use-after-free,amd64,10/23/2022,9/26/2022,,9/26/2022,27,0,0,27,0,0,After,New,lib,lib,,,,,
157,Merge Commit,Kernel Reveal,Kmemleak,Memory Leak,amd64,5/17/2022,5/1/2022,,12/8/2021,16,144,144,160,0.9,1,After,New,virt/kvm,virt,,,,,
158,Guilty Merge,Guilty Commit,none,GPF,amd64,4/15/2022,4/8/2022,4/8/2022,4/7/2022,7,0,0,7,0,0,After,New,fs,fs,,,,,
159,Blocking Bug,Blocking Bug,none,Bug,amd64,8/12/2022,8/11/2022,8/11/2022,8/10/2022,1,0,0,1,0,0,After,New,arch/x86/kvm,arch,,,,,
160,Merge Commit,Kernel Reveal,Kmemleak,Memory Leak,amd64,12/4/2022,10/10/2022,8/27/2022,8/26/2022,55,44,44,99,0.4444,1,After,New,drivers/video/fbdev/core,drivers,,,,,
164,Guilty Merge,Guilty Commit,none,Bug,amd64,9/20/2022,4/13/2022,4/13/2022,4/2/2022,160,0,0,160,0,0,After,New,fs,fs,,,,,
166,Kernel Commit,Kernel Reveal,none,Bug,amd64,3/14/2022,9/22/2021,5/26/2011,5/25/2011,173,3772,1523,1696,0.898,1,Before,Old,fs/ext4,fs,,,,,
172,Merge Commit,Kernel Reveal,Kasan,Use-after-free,amd64,9/12/2021,6/30/2021,2/1/2017,1/17/2017,74,1610,1439,1513,0.9511,1,Before,Old,crypto,crypto,,,,,
177,Kernel Commit,Kernel Reveal,none,Warning,amd64,10/26/2022,10/16/2022,10/9/2022,9/26/2022,10,7,7,17,0.4118,1,After,New,arch/x86/kvm,arch,,,,,
183,Syzkaller Commit,Syzkaller Commit,none,Warning,amd64,5/28/2021,3/1/2021,4/25/2017,4/25/2017,88,1406,1318,1406,0.9374,1,Before,Old,drivers/net/can/usb,drivers,,,,,
192,Blocking Bug,Blocking Bug,Kasan,Vmalloc-out-of-bounds,i386,6/1/2022,4/19/2022,2/8/2022,2/7/2022,43,70,70,113,0.6195,1,After,New,kernel/bpf,kernel,,,,,
208,Merge Commit,Kernel Reveal,none,Info,i386,7/18/2022,6/24/2022,8/4/2016,8/4/2016,24,2150,1798,1822,0.9868,1,Before,Old,drivers/infiniband/sw/rxe,drivers,,,,,
212,Merge Commit,Kernel Reveal,Kasan,Use-after-free,amd64,10/7/2022,10/4/2022,10/4/2022,9/26/2022,3,0,0,3,0,0,After,New,mm,mm,,,,,
213,Blocking Bug,Blocking Bug,Kasan,Use-after-free,amd64,3/4/2022,10/28/2021,10/18/2013,10/7/2013,127,2932,1559,1686,0.9247,1,Before,Old,drivers/nfc,drivers,,,,,
225,Blocking Bug,Blocking Bug,none,Warning,i386,11/11/2021,3/4/2021,11/17/2017,9/20/2017,252,1203,1203,1455,0.8268,1,After,Old,drivers/i2c,drivers,,,,,
227,Blocking Bug,Blocking Bug,Kmemleak,Memory Leak,amd64,9/6/2021,9/3/2021,,7/30/2021,3,35,35,38,0.9211,1,After,New,block,block,,,,,
231,Syzkaller Commit,Syzkaller Commit,none,Warning,amd64,9/21/2021,4/21/2021,12/17/2020,12/17/2020,153,125,125,278,0.4496,1,After,New,net/sched,net,,,,,
237,Blocking Bug,Blocking Bug,none,GPF,amd64,12/8/2021,9/7/2021,3/31/2021,3/30/2021,92,160,160,252,0.6349,1,After,New,net/ipv4,net,,,,,
239,Blocking Bug,Blocking Bug,none,Info,amd64,2/16/2021,10/1/2020,7/9/2012,6/29/2012,138,3006,1167,1305,0.8943,1,Before,Old,net/wireless,net,,,,,
241,Kernel Commit,Kernel Reveal,Kasan,Invalid-free,amd64,12/12/2021,9/22/2021,,3/15/2020,81,556,556,637,0.8728,1,After,Old,net/packet,net,,,,,
244,Merge Commit,Kernel Reveal,none,GPF,amd64,9/28/2021,9/16/2021,3/12/2020,3/10/2020,12,553,553,565,0.9788,1,After,Old,kernel/cgroup,kernel,,,,,
252,Merge Commit,Kernel Reveal,none,Warning,amd64,10/18/2021,9/23/2021,,12/16/2010,25,3934,1524,1549,0.9839,1,Before,Old,net/batman-adv,net,,,,,
253,Guilty Merge,Guilty Commit,none,Warning,amd64,12/2/2021,10/18/2021,10/18/2021,10/14/2021,45,0,0,45,0,0,After,New,net/core,net,,,,,
255,Kernel Commit,Kernel Reveal,none,Warning,amd64,12/19/2021,9/22/2021,9/21/2020,9/18/2020,88,366,366,454,0.8062,1,After,Old,net/mac80211,net,,,,,
256,Blocking Bug,Blocking Bug,none,GPF,amd64,12/13/2021,11/3/2021,7/26/2020,7/25/2020,40,465,465,505,0.9208,1,After,Old,net/core,net,,,,,
257,Merge Commit,Kernel Reveal,none,Deadlock,i386,9/9/2021,9/5/2021,5/23/2011,5/11/2011,4,3758,1506,1510,0.9974,1,Before,Old,drivers/md,drivers,,,,,
260,Guilty Commit,Guilty Commit,none,Warning,amd64,9/12/2021,8/25/2021,,8/25/2021,18,0,0,18,0,0,After,New,net/core,net,,,,,
262,Blocking Bug,Blocking Bug,none,GPF,amd64,9/17/2021,9/16/2021,3/12/2020,3/10/2020,1,553,553,554,0.9982,1,After,Old,include/linux,include,,,,,
265,Blocking Bug,Blocking Bug,none,Warning,amd64,8/8/2021,7/8/2021,4/28/2021,4/16/2021,31,71,71,102,0.6961,1,After,New,kernel/events,kernel,,,,,
270,Blocking Bug,Blocking Bug,Kasan,Slab-Out-of-Bounds,amd64,10/31/2021,3/1/2021,10/4/2011,9/29/2011,244,3436,1318,1562,0.8438,1,Before,Old,net/bluetooth,net,,,,,
272,Merge Commit,Kernel Reveal,none,Bug,amd64,2/8/2021,3/30/2020,,12/30/2008,315,4108,982,1297,0.7571,1,Before,Old,drivers/media/usb/em28xx,drivers,,,,,
273,Merge Commit,Kernel Reveal,none,deadlock,amd64,9/28/2021,9/23/2021,2/3/2021,2/2/2021,5,232,232,237,0.9789,1,After,New,net/mptcp,net,,,,,
274,Template,Template,none,Bug,amd64,9/29/2021,7/28/2021,,7/5/2008,63,4771,1467,1530,0.9588,1,Before,Old,net/sched,net,,,,,
275,Template,Template,none,GPF,amd64,2/1/2021,9/22/2020,7/9/2012,6/29/2012,132,2997,1158,1290,0.8977,1,Before,Old,net/mac80211,net,,,,,
280,Guilty Merge,Guilty Commit,Ubsan,shift-out-of-bounds,amd64,9/8/2021,8/27/2021,8/27/2021,7/21/2021,12,0,0,12,0,0,After,New,net/xfrm,net,,,,,
287,Template,Template,none,Bug,i386,11/3/2021,10/29/2021,,9/27/2021,5,32,32,37,0.8649,1,After,New,net/core,net,,,,,
292,Template,Template,Kmemleak,Memory Leak,amd64,2/20/2021,2/12/2021,,6/9/2009,8,4266,1301,1309,0.9939,1,Before,Old,net/core,net,,,,,
293,Merge Commit,Kernel Reveal,Kasan,Null-ptr-deref,amd64,3/22/2021,6/3/2019,3/12/2019,2/28/2019,658,83,83,741,0.112,1,After,Old,fs,fs,,,,,
294,Template,Template,Kasan,Use-after-free,amd64,2/26/2021,2/12/2021,10/10/2008,10/10/2008,14,4508,1301,1315,0.9894,1,Before,Old,net/ipv4,net,,,,,
295,Template,Template,Kmemleak,Memory Leak,amd64,11/16/2020,9/20/2020,,8/8/2014,57,2235,1156,1213,0.953,1,Before,Old,lib,lib,,,,,
297,Kernel Commit,Kernel Reveal,Kmemleak,Memory Leak,amd64,4/29/2021,4/26/2021,,9/12/2009,3,4244,1374,1377,0.9978,1,Before,Old,drivers/media/usb/zr364xx,drivers,,,,,
301,Syzkaller Commit,Syzkaller Commit,none,Warning,amd64,8/29/2021,4/21/2021,8/6/2020,7/10/2020,130,258,258,388,0.6649,1,After,Old,arch/x86/kvm,arch,,,,,
302,Merge Commit,Kernel Reveal,Kmemleak,Memory Leak,amd64,6/5/2021,2/12/2021,,8/8/2018,113,919,919,1032,0.8905,1,After,Old,drivers/net/ieee802154,drivers,,,,,
312,Blocking Bug,Blocking Bug,none,Warning,amd64,12/8/2020,7/29/2018,7/9/2017,6/22/2017,863,385,372,1235,0.3012,1,Before,Old,fs/ext4,fs,,,,,
313,Template,Template,Kmemleak,Memory Leak,amd64,12/29/2020,4/19/2020,2/8/2015,2/2/2015,254,1897,1002,1256,0.7978,1,Before,Old,drivers/nfc/nfcmrvl,drivers,,,,,
315,Syzkaller Commit,Syzkaller Commit,Kasan,use-after-free,amd64,7/7/2021,7/6/2021,4/30/2021,4/30/2021,1,67,67,68,0.9853,1,After,New,kernel,kernel,,,,,
316,Merge Commit,Kernel Reveal,Kasan,Slab-Out-of-Bounds,i386,8/16/2020,12/22/2019,9/23/2006,9/22/2006,238,4838,883,1121,0.7877,1,Before,Old,net/netfilter,net,,,,,
317,Blocking Bug,Blocking Bug,none,GPF,amd64,5/8/2021,4/30/2021,10/23/2018,10/3/2018,8,920,920,928,0.9914,1,After,Old,drivers/hid,drivers,,,,,
318,Guilty Merge,Guilty Commit,Kmemleak,Memory Leak,amd64,6/2/2021,4/28/2021,4/28/2021,4/14/2021,35,0,0,35,0,0,After,New,kernel,kernel,,,,,
321,Blocking Bug,Blocking Bug,Kmemleak,Memory Leak,amd64,11/9/2020,7/24/2020,1/13/2016,1/11/2016,108,1654,1098,1206,0.9104,1,Before,Old,drivers/media/dvb-core,drivers,,,,,
322,Blocking Bug,Blocking Bug,none,GPF,amd64,9/22/2020,8/11/2018,6/12/2008,6/11/2008,773,3712,385,1158,0.3325,1,Before,Old,fs,fs,,,,,
325,Template,Template,Kmemleak,Memory Leak,amd64,3/11/2021,4/19/2020,9/12/2005,9/12/2005,326,5333,1002,1328,0.7545,1,Before,Old,drivers/usb/core,drivers,,,,,
326,Template,Template,Kmemleak,Memory Leak,amd64,4/10/2021,2/12/2021,,6/9/2009,57,4266,1301,1358,0.958,1,Before,Old,net/core,net,,,,,
329,Merge Commit,Kernel Reveal,Kasan,Slab-Out-of-Bounds,amd64,7/15/2021,7/5/2021,2/9/2012,2/8/2012,10,3434,1444,1454,0.9931,1,Before,Old,kernel/sched,kernel,,,,,
333,Template,Template,Kmemleak,Memory Leak,amd64,1/27/2021,6/23/2020,,5/8/2016,218,1507,1067,1285,0.8304,1,Before,Old,net/qrtr,net,,,,,
334,Template,Template,Kmemleak,Memory Leak,amd64,1/22/2021,1/31/2020,5/20/2019,5/17/2019,357,256,256,613,0.4176,1,After,Old,net/vmw_vsock,net,,,,,
335,Kernel Commit,Kernel Reveal,none,Warning,amd64,5/18/2021,4/22/2021,9/5/2013,7/29/2013,26,2786,1370,1396,0.9814,1,Before,Old,arch/x86/kvm,arch,,,,,
336,Syzkaller Commit,Syzkaller Commit,Ubsan,Shift-out-of-bounds,amd64,1/16/2021,9/16/2020,2/8/2020,1/15/2020,122,221,221,343,0.6443,1,After,New,net/sunrpc,net,,,,,
338,Merge Commit,Kernel Reveal,Kasan,Use-after-free,amd64,7/20/2021,7/5/2021,2/9/2012,2/8/2012,15,3434,1444,1459,0.9897,1,Before,Old,drivers/staging/rtl8712,drivers,,,,,
341,Syzkaller Commit,Syzkaller Commit,Kmemleak,Memory Leak,amd64,6/5/2019,6/12/2018,,11/30/2011,358,2386,325,683,0.4758,1,Before,Old,net/caif,net,,,,,
344,Guilty Merge,Guilty Commit,none,Warning,amd64,8/2/2021,6/28/2021,6/28/2021,6/28/2021,35,0,0,35,0,0,After,New,kernel/bpf,kernel,,,,,
347,Kernel Commit,Kernel Reveal,none,Warning,amd64,9/23/2020,7/1/2020,6/22/2020,6/22/2020,84,9,9,93,0.0968,1,After,New,drivers/net/bonding,drivers,,,,,
350,Template,Template,Kasan,Slab-Out-of-Bounds,amd64,7/31/2020,6/23/2020,10/11/2017,10/11/2017,38,986,986,1024,0.9629,1,After,Old,net/qrtr,net,,,,,
359,Merge Commit,Kernel Reveal,Kmemleak,Memory Leak,amd64,2/4/2020,9/24/2019,,9/14/2014,133,1836,794,927,0.8565,1,Before,Old,net/sched,net,,,,,
361,Syzkaller Commit,Syzkaller Commit,none,GPF,amd64,6/7/2021,4/21/2021,4/16/2019,4/16/2019,47,736,736,783,0.94,1,After,Old,arch/x86/kvm/mmu,arch,,,,,
362,Template,Template,Ubsan,Shift-out-of-bounds,amd64,7/10/2021,5/26/2021,,4/16/2005,45,5884,1404,1449,0.9689,1,Before,Old,kernel,kernel,,,,,
364,Blocking Bug,Blocking Bug,none,Warning,amd64,3/29/2021,3/1/2021,9/28/2020,9/24/2020,28,154,154,182,0.8462,1,After,New,net/xfrm,net,,,,,
368,Blocking Bug,Blocking Bug,none,Warning,amd64,6/6/2021,1/5/2021,,8/22/2016,152,1597,1263,1415,0.8926,1,Before,Old,net/sched,net,,,,,
371,Template,Template,none,Warning,amd64,1/31/2021,10/5/2020,10/2/2020,9/28/2020,118,3,3,121,0.0248,1,After,New,net/wireless,net,,,,,
372,Kernel Commit,Kernel Reveal,Kasan,Slab-Out-of-Bounds,amd64,12/4/2019,7/22/2018,,4/16/2005,500,4845,365,865,0.422,1,Before,Old,drivers/net/hamradio,drivers,,,,,
373,Syzkaller Commit,Syzkaller Commit,Kmemleak,Memory Leak,amd64,1/5/2021,10/26/2020,9/11/2020,9/10/2020,71,45,45,116,0.3879,1,After,New,net/ipv4,net,,,,,
374,Syzkaller Commit,Syzkaller Commit,none,Warning,amd64,12/30/2018,12/26/2018,,12/9/2013,4,1843,522,526,0.9924,1,Before,Old,net/hsr,net,,,,,
376,Blocking Bug,Blocking Bug,none,Task hung,amd64,8/8/2021,3/19/2021,,4/16/2005,142,5816,1336,1478,0.9039,1,Before,Old,net/bluetooth,net,,,,,
378,Syzkaller Commit,Syzkaller Commit,none,Warning,amd64,7/20/2021,4/21/2021,2/17/2017,2/1/2017,90,1524,1369,1459,0.9383,1,Before,Old,fs/sysfs,fs,,,,,
379,Guilty Merge,Guilty Commit,none,Warning,amd64,9/1/2021,8/10/2021,8/10/2021,8/9/2021,22,0,0,22,0,0,After,New,kernel,kernel,,,,,
380,Merge Commit,Kernel Reveal,Kmemleak,Memory Leak,amd64,2/13/2020,9/24/2019,3/9/2016,3/9/2016,142,1294,794,936,0.8483,1,Before,Old,net/kcm,net,,,,,
381,Merge Commit,Kernel Reveal,none,Bug,amd64,7/15/2021,6/28/2021,6/16/2021,6/16/2021,17,12,12,29,0.4138,1,After,New,fs/hugetlbfs,fs,,,,,
383,Blocking Bug,Blocking Bug,Ubsan,Shift-out-of-bounds,amd64,1/9/2021,9/16/2020,,4/16/2005,115,5632,1152,1267,0.9092,1,Before,Old,net/sched,net,,,,,
384,Guilty Merge,Guilty Commit,Kasan,Use-after-free,amd64,2/28/2021,2/27/2021,2/27/2021,2/25/2021,1,0,0,1,0,0,After,New,kernel,kernel,,,,,
389,Template,Template,Kmemleak,Memory Leak,amd64,11/21/2020,6/23/2020,,4/27/2018,151,788,788,939,0.8392,1,After,Old,net/qrtr,net,,,,,
393,Blocking Bug,Blocking Bug,Ubsan,Shift-out-of-bounds,amd64,12/16/2020,9/16/2020,,12/8/2006,91,5031,1152,1243,0.9268,1,Before,Old,drivers/hid,drivers,,,,,
395,Merge Commit,Kernel Reveal,Kmemleak,Memory Leak,amd64,12/15/2020,12/14/2020,,3/21/2011,1,3556,1241,1242,0.9992,1,Before,Old,drivers/media/v4l2-core,drivers,,,,,
399,Template,Template,Kasan,Null-ptr-deref,i386,10/3/2020,10/2/2020,,3/3/2011,1,3501,1168,1169,0.9991,1,Before,Old,drivers/usb/usbip,drivers,,,,,
400,Guilty Merge,Guilty Commit,none,GPF,amd64,9/21/2020,3/31/2020,3/31/2020,2/27/2020,174,0,0,174,0,0,After,New,fs/gfs2,fs,,,,,
402,Template,Template,Kasan,Slab-Out-of-Bounds,amd64,9/21/2020,9/20/2020,,6/2/2020,1,110,110,111,0.991,1,After,New,fs/squashfs,fs,,,,,
405,Blocking Bug,Blocking Bug,Kmemleak,Memory Leak,amd64,12/9/2020,12/3/2020,9/1/2020,8/31/2020,6,93,93,99,0.9394,1,After,New,include/linux,include,,,,,
407,Blocking Bug,Blocking Bug,Ubsan,shift-out-of-bounds,amd64,1/14/2021,9/16/2020,,4/16/2005,120,5632,1152,1272,0.9057,1,Before,Old,net/sched,net,,,,,
408,Template,Template,none,GPF,amd64,2/5/2019,12/24/2018,,4/16/2005,43,5000,520,563,0.9236,1,Before,Old,net/rose,net,,,,,
409,Template,Template,Kasan,Slab-Out-of-Bounds,amd64,8/1/2020,7/30/2020,12/5/2014,12/5/2014,2,2064,1104,1106,0.9982,1,Before,Old,net/bluetooth,net,,,,,
410,Guilty Merge,Guilty Commit,Kasan,Global-out-of-bounds,i386,12/16/2020,12/2/2020,12/2/2020,12/1/2020,14,0,0,14,0,0,After,New,net/smc,net,,,,,
412,Template,Template,none,GPF,i386,11/14/2020,10/1/2020,9/2/2010,8/27/2010,44,3682,1167,1211,0.9637,1,Before,Old,net/mac80211,net,,,,,
415,Guilty Merge,Guilty Commit,none,Warning,amd64,1/11/2021,1/10/2021,1/10/2021,1/9/2021,1,0,0,1,0,0,After,New,fs,fs,,,,,
417,Guilty Merge,Guilty Commit,none,Warning,amd64,12/28/2020,12/12/2020,12/12/2020,12/11/2020,16,0,0,16,0,0,After,New,net/wireless,net,,,,,
419,Merge Commit,Kernel Reveal,Kmemleak,Memory Leak,amd64,9/15/2019,5/11/2019,8/6/2018,8/3/2018,127,278,278,405,0.6864,1,After,Old,drivers/bluetooth,drivers,,,,,
420,Merge Commit,Kernel Reveal,none,Bug,amd64,12/18/2020,12/16/2020,,1/28/2008,2,4706,1243,1245,0.9984,1,Before,Old,lib,lib,,,,,
421,Kernel Commit,Kernel Reveal,none,Bug,amd64,1/5/2021,1/3/2021,1/1/2021,12/30/2020,2,2,2,4,0.5,1,After,New,lib,lib,,,,,
424,Template,Template,none,GPF,amd64,7/21/2019,12/24/2018,,4/16/2005,209,5000,520,729,0.7133,1,Before,Old,net/rose,net,,,,,
428,Template,Template,none,GPF,amd64,9/20/2020,9/20/2020,9/19/2020,9/5/2019,0,1,1,1,1,1,After,New,fs/jffs2,fs,,,,,
429,Template,Template,Kasan,Vmalloc-out-of-bounds,amd64,1/12/2021,9/20/2020,,6/2/2020,114,110,110,224,0.4911,1,After,New,fs/squashfs,fs,,,,,
434,Guilty Merge,Guilty Commit,none,Warning,amd64,10/24/2020,9/28/2020,9/28/2020,9/24/2020,26,0,0,26,0,0,After,New,net/xfrm,net,,,,,
435,Syzkaller Commit,Syzkaller Commit,Ubsan,Array-index-out-of-bounds,amd64,9/20/2020,9/16/2020,5/24/2012,2/27/2012,4,3037,1152,1156,0.9965,1,Before,Old,arch/x86/kernel,arch,,,,,
437,Merge Commit,Kernel Reveal,none,Warning,amd64,12/14/2020,10/3/2020,10/23/2010,10/22/2010,72,3633,1169,1241,0.942,1,Before,Old,drivers/usb/misc,drivers,,,,,
439,Blocking Bug,Blocking Bug,Ubsan,Shift-out-of-bounds,amd64,12/20/2020,9/16/2020,,4/16/2005,95,5632,1152,1247,0.9238,1,Before,Old,net/sched,net,,,,,
442,Template,Template,Ubsan,Shift-out-of-bounds,amd64,12/19/2020,10/1/2019,4/4/2017,6/13/2017,445,910,801,1246,0.6429,1,Before,Old,drivers/usb/usbip,drivers,,,,,
443,Guilty Commit,Guilty Commit,none,GPF,amd64,12/8/2020,9/25/2020,,9/25/2020,74,0,0,74,0,0,After,New,drivers/usb/misc,drivers,,,,,
445,Syzkaller Commit,Syzkaller Commit,none,Deadlock,amd64,12/2/2020,12/1/2020,4/2/2020,4/2/2020,1,243,243,244,0.9959,1,After,New,mm,mm,,,,,
446,Template,Template,none,GPF,amd64,8/2/2020,7/30/2020,11/14/2012,11/1/2012,3,2815,1104,1107,0.9973,1,Before,Old,net/bluetooth,net,,,,,
451,Template,Template,Kasan,Use-after-free,amd64,12/19/2019,6/30/2018,9/26/2017,9/25/2017,537,277,277,814,0.3403,1,After,Old,net/ethernet,net,,,,,
453,Merge Commit,Kernel Reveal,none,GPF,amd64,11/5/2020,10/20/2020,10/20/2020,10/17/2020,16,0,0,16,0,0,After,New,fs,fs,,,,,
455,Template,Template,none,Bug,amd64,8/3/2020,7/30/2020,3/20/2020,3/11/2020,4,132,132,136,0.9706,1,After,New,lib,lib,,,,,
457,Template,Template,none,Warning,amd64,5/23/2020,12/20/2019,,9/14/2018,155,462,462,617,0.7488,1,After,Old,drivers/android,drivers,,,,,
461,Template,Template,Kmemleak,Memory Leak,amd64,9/20/2020,9/20/2020,4/6/2018,2/27/2018,0,898,898,898,1,1,After,Old,fs/udf,fs,,,,,
463,Syzkaller Commit,Syzkaller Commit,Kasan,Use-after-free,amd64,9/25/2020,8/14/2020,11/16/2017,11/13/2017,42,1002,1002,1044,0.9598,1,After,Old,fs/fscache,fs,,,,,
466,Blocking Bug,Blocking Bug,Kasan,Use-after-free,amd64,9/1/2020,6/15/2020,,4/20/2020,78,56,56,134,0.4179,1,After,New,block/partitions,block,,,,,
468,Guilty Merge,Guilty Commit,none,Warning,amd64,8/24/2020,8/23/2020,8/23/2020,8/22/2020,1,0,0,1,0,0,After,New,kernel/entry,kernel,,,,,
469,Template,Template,none,Info,i386,12/10/2018,12/9/2018,2/9/2015,2/9/2015,1,1399,505,506,0.998,1,Before,Old,net/netlink,net,,,,,
470,Template,Template,none,Warning,amd64,6/25/2020,6/23/2020,2/21/2020,2/21/2020,2,123,123,125,0.984,1,After,New,net/qrtr,net,,,,,
473,Merge Commit,Kernel Reveal,Kmemleak,Memory Leak,amd64,9/20/2020,9/24/2019,2/26/2013,1/24/2013,362,2401,794,1156,0.6869,1,Before,Old,lib,lib,,,,,
474,Blocking Bug,Blocking Bug,none,Warning,amd64,7/3/2020,7/2/2020,9/19/2016,9/17/2016,1,1382,1076,1077,0.9991,1,Before,Old,net/rxrpc,net,,,,,
475,Syzkaller Commit,Syzkaller Commit,Kasan,Use-after-free,amd64,9/24/2020,1/3/2020,7/8/2018,7/8/2018,265,544,544,809,0.6724,1,After,Old,net/sched,net,,,,,
482,Syzkaller Commit,Syzkaller Commit,Kasan,Use-after-free,amd64,9/20/2020,8/14/2020,11/16/2017,11/13/2017,37,1002,1002,1039,0.9644,1,After,Old,fs/afs,fs,,,,,
483,Syzkaller Commit,Syzkaller Commit,none,Info,amd64,9/23/2020,8/14/2020,11/16/2017,11/13/2017,40,1002,1002,1042,0.9616,1,After,Old,fs,fs,,,,,
485,Template,Template,none,GPF,amd64,8/22/2020,8/8/2020,5/29/2019,5/28/2019,14,437,437,451,0.969,1,After,Old,net/ipv6,net,,,,,
487,Template,Template,none,GPF,amd64,8/22/2020,8/8/2020,5/29/2019,5/28/2019,14,437,437,451,0.969,1,After,Old,include/net,include,,,,,
492,Merge Commit,Kernel Reveal,none,Warning,amd64,9/24/2020,8/14/2020,11/16/2017,11/13/2017,41,1002,1002,1043,0.9607,1,After,Old,fs/afs,fs,,,,,
493,Guilty Merge,Guilty Commit,none,Info,amd64,9/26/2020,4/4/2020,4/4/2020,3/5/2020,175,0,0,175,0,0,After,New,fs/exfat,fs,,,,,
494,Blocking Bug,Blocking Bug,none,Bug,amd64,7/13/2020,6/26/2020,11/8/2019,11/8/2019,17,231,231,248,0.9315,1,After,New,net/tipc,net,,,,,
498,Syzkaller Commit,Syzkaller Commit,none,Info,amd64,9/29/2020,8/14/2020,11/16/2017,11/13/2017,46,1002,1002,1048,0.9561,1,After,Old,security,security,,,,,
500,Template,Template,none,Warning,amd64,6/25/2020,6/23/2020,2/21/2020,2/21/2020,2,123,123,125,0.984,1,After,New,net/qrtr,net,,,,,
501,Merge Commit,Kernel Reveal,none,Bug,amd64,9/14/2020,11/25/2019,7/16/2019,7/1/2019,294,132,132,426,0.3099,1,After,Old,lib,lib,,,,,
502,Template,Template,none,GPF,amd64,9/12/2020,1/5/2020,9/26/2019,9/25/2019,251,101,101,352,0.2869,1,After,New,mm,mm,,,,,
507,Template,Template,Kmemleak,Memory Leak,amd64,7/29/2019,12/9/2018,10/13/2017,10/13/2017,232,422,422,654,0.6453,1,After,Old,net/tipc,net,,,,,
508,Blocking Bug,Blocking Bug,none,GPF,i386,7/5/2020,6/21/2020,,6/18/2020,14,3,3,17,0.1765,1,After,New,net/core,net,,,,,
510,Guilty Merge,Guilty Commit,none,Warning,amd64,8/25/2020,6/30/2020,6/30/2020,6/29/2020,56,0,0,56,0,0,After,New,net/sched,net,,,,,
511,Template,Template,none,Info,amd64,1/19/2019,9/23/2018,7/26/2016,6/9/2016,118,789,428,546,0.7839,1,Before,Old,fs/ext4,fs,,,,,
512,Guilty Merge,Guilty Commit,none,Bug,i386,8/30/2020,8/23/2020,8/23/2020,8/22/2020,7,0,0,7,0,0,After,New,drivers/input,drivers,,,,,
513,Blocking Bug,Blocking Bug,none,Info,i386,7/28/2020,6/26/2020,7/26/2016,6/9/2016,32,1431,1070,1102,0.971,1,Before,Old,fs,fs,,,,,
514,Blocking Bug,Blocking Bug,Kasan,use-after-free,amd64,8/31/2020,6/15/2020,,4/20/2020,77,56,56,133,0.4211,1,After,New,block/partitions,block,,,,,
515,Merge Commit,Kernel Reveal,none,Warning,amd64,7/19/2020,7/19/2020,7/19/2020,7/8/2020,0,0,0,0,0,0,After,New,kernel,kernel,,,,,
517,Merge Commit,Kernel Reveal,none,GPF,i386,8/13/2020,8/5/2020,10/23/2018,10/8/2018,8,652,652,660,0.9879,1,After,Old,arch/x86/kernel,arch,,,,,
518,Merge Commit,Kernel Reveal,none,Warning,amd64,3/30/2020,6/22/2018,,4/16/2005,647,4815,335,982,0.3411,1,Before,Old,fs,fs,,,,,
519,Blocking Bug,Blocking Bug,Kasan,use-after-free,i386,7/20/2020,6/26/2020,,4/27/2018,24,791,791,815,0.9706,1,After,Old,net/core,net,,,,,
521,Template,Template,none,Warning,amd64,6/25/2020,6/23/2020,,5/8/2016,2,1507,1067,1069,0.9981,1,Before,Old,lib,lib,,,,,
523,Template,Template,none,GPF,amd64,8/20/2020,8/8/2020,5/29/2019,5/28/2019,12,437,437,449,0.9733,1,After,Old,net/ipv4,net,,,,,
525,Template,Template,Kasan,Null-ptr-deref,amd64,6/12/2020,6/9/2020,10/31/2018,8/31/2018,3,587,587,590,0.9949,1,After,Old,drivers/media/mc,drivers,,,,,
528,Blocking Bug,Blocking Bug,Kasan,use-after-free,amd64,4/22/2020,6/6/2018,,4/16/2005,686,4799,319,1005,0.3174,1,Before,Old,fs/minix,fs,,,,,
529,Blocking Bug,Blocking Bug,none,Warning,amd64,7/4/2020,6/26/2020,,6/11/2020,8,15,15,23,0.6522,1,After,New,arch/x86/entry,arch,,,,,
530,Blocking Bug,Blocking Bug,Kasan,Null-ptr-deref,amd64,3/17/2020,7/12/2019,,4/16/2005,249,5200,720,969,0.743,1,Before,Old,fs/minix,fs,,,,,
531,Blocking Bug,Blocking Bug,none,Warning,amd64,6/27/2020,6/26/2020,11/8/2019,11/8/2019,1,231,231,232,0.9957,1,After,New,net/tipc,net,,,,,
532,Template,Template,none,Warning,amd64,7/12/2020,1/15/2020,5/23/2018,5/23/2018,179,602,602,781,0.7708,1,After,Old,net/netfilter,net,,,,,
534,Syzkaller Commit,Syzkaller Commit,Kasan,Use-after-free,amd64,5/15/2020,6/6/2018,,4/16/2005,709,4799,319,1028,0.3103,1,Before,Old,fs/minix,fs,,,,,
535,Template,Template,Kasan,Use-after-free,amd64,6/19/2020,4/19/2020,11/16/2019,11/15/2019,61,155,155,216,0.7176,1,After,New,drivers/net/usb,drivers,,,,,
539,Merge Commit,Kernel Reveal,none,GPF,amd64,2/28/2020,2/3/2020,9/5/2019,9/4/2019,25,151,151,176,0.858,1,After,New,net/can/j1939,net,,,,,
544,Template,Template,none,GPF,amd64,6/24/2020,6/23/2020,10/11/2017,10/11/2017,1,986,986,987,0.999,1,After,Old,net/qrtr,net,,,,,
548,Template,Template,none,Bug,amd64,1/19/2020,9/18/2019,9/26/2017,9/25/2017,123,722,722,845,0.8544,1,After,Old,net/core,net,,,,,
550,Merge Commit,Kernel Reveal,Kasan,Use-after-free,amd64,7/31/2019,5/11/2019,,12/26/2009,81,3423,658,739,0.8904,1,Before,Old,net/core,net,,,,,
551,Template,Template,Kasan,Slab-Out-of-Bounds,amd64,6/27/2020,6/23/2020,10/11/2017,10/11/2017,4,986,986,990,0.996,1,After,Old,net/qrtr,net,,,,,
554,Merge Commit,Kernel Reveal,none,Bug,amd64,6/24/2020,4/1/2020,8/10/2018,8/10/2018,84,600,600,684,0.8772,1,After,Old,net/l2tp,net,,,,,
556,Blocking Bug,Blocking Bug,Kasan,Use-after-free,i386,6/29/2020,6/26/2020,10/6/2019,10/6/2019,3,264,264,267,0.9888,1,After,New,net/ieee802154,net,,,,,
557,Blocking Bug,Blocking Bug,Kasan,Use-after-free,amd64,6/29/2020,6/26/2020,10/6/2019,10/6/2019,3,264,264,267,0.9888,1,After,New,net/tipc,net,,,,,
559,Blocking Bug,Blocking Bug,Kasan,Use-after-free,amd64,6/26/2020,6/26/2020,10/6/2019,10/6/2019,0,264,264,264,1,1,After,New,net/tipc,net,,,,,
560,Blocking Bug,Blocking Bug,Kasan,Use-after-free,amd64,6/27/2020,6/26/2020,10/6/2019,10/6/2019,1,264,264,265,0.9962,1,After,New,net/core,net,,,,,
561,Blocking Bug,Blocking Bug,Kasan,Vmalloc-out-of-bounds,amd64,6/26/2020,6/26/2020,10/6/2019,10/6/2019,0,264,264,264,1,1,After,New,net/ieee802154,net,,,,,
562,Blocking Bug,Blocking Bug,Kasan,Use-after-free,amd64,6/26/2020,6/26/2020,10/6/2019,10/6/2019,0,264,264,264,1,1,After,New,net/tipc,net,,,,,
564,Merge Commit,Kernel Reveal,Kasan,Use-after-free,amd64,6/8/2020,4/2/2020,,3/22/2013,67,2568,985,1052,0.9363,1,Before,Old,fs/notify,fs,,,,,
565,Guilty Merge,Guilty Commit,none,Warning,amd64,4/11/2020,3/1/2020,3/1/2020,2/29/2020,41,0,0,41,0,0,After,New,net/ipv6,net,,,,,
569,Template,Template,none,GPF,amd64,4/19/2020,12/22/2019,,2/4/2010,119,3608,883,1002,0.8812,1,Before,Old,net/sched,net,,,,,
570,Template,Template,none,Bug,amd64,1/19/2020,9/18/2019,9/26/2017,9/25/2017,123,722,722,845,0.8544,1,After,Old,net/core,net,,,,,
571,Template,Template,none,Warning,amd64,4/9/2020,1/5/2020,,12/11/2019,95,25,25,120,0.2083,1,After,New,crypto,crypto,,,,,
573,Merge Commit,Kernel Reveal,Kmemleak,Memory Leak,amd64,12/1/2019,11/6/2019,10/6/2019,10/6/2019,25,31,31,56,0.5536,1,After,New,net/netlink,net,,,,,
574,Guilty Commit,Guilty Commit,none,GPF,amd64,6/4/2020,4/21/2020,,4/21/2020,44,0,0,44,0,0,After,New,fs/debugfs,fs,,,,,
576,Merge Commit,Kernel Reveal,none,GPF,amd64,5/22/2020,5/7/2020,1/24/2020,1/24/2020,15,104,104,119,0.8739,1,After,New,security/selinux,security,,,,,
577,Syzkaller Commit,Syzkaller Commit,none,Info,amd64,4/26/2020,2/13/2020,,12/31/2010,73,3331,936,1009,0.9277,1,Before,Old,drivers/net/wireguard,drivers,,,,,
579,Kernel Commit,Kernel Reveal,none,Warning,amd64,2/24/2020,5/11/2019,10/15/2018,10/15/2018,289,208,208,497,0.4185,1,After,Old,net/core,net,,,,,
584,Merge Commit,Kernel Reveal,Kasan,Slab-Out-of-Bounds,amd64,4/3/2020,4/2/2020,12/19/2014,12/4/2014,1,1931,985,986,0.999,1,Before,Old,virt/kvm,virt,,,,,
585,Merge Commit,Kernel Reveal,none,Deadlock,amd64,4/8/2020,4/7/2020,7/27/2016,7/26/2016,1,1350,990,991,0.999,1,Before,Old,mm,mm,,,,,
586,Guilty Merge,Guilty Commit,none,Deadlock,i386,4/2/2020,2/28/2020,2/28/2020,2/24/2020,34,0,0,34,0,0,After,New,fs,fs,,,,,
587,Guilty Merge,Guilty Commit,Kasan,Slab-Out-of-Bounds,i386,3/10/2020,2/4/2020,2/4/2020,2/4/2020,35,0,0,35,0,0,After,New,net/sched,net,,,,,
590,Guilty Merge,Guilty Commit,none,Deadlock,amd64,4/2/2020,2/28/2020,2/28/2020,2/24/2020,34,0,0,34,0,0,After,New,fs,fs,,,,,
592,Guilty Merge,Guilty Commit,Kasan,Invalid-free,i386,3/8/2020,2/4/2020,2/4/2020,2/4/2020,33,0,0,33,0,0,After,New,net/sched,net,,,,,
594,Template,Template,Kasan,Stack-out-of-bounds,amd64,3/25/2020,1/5/2020,,4/28/2008,80,4269,897,977,0.9181,1,Before,Old,mm,mm,,,,,
596,Template,Template,none,Warning,amd64,2/24/2020,2/21/2020,3/9/2019,2/19/2019,3,349,349,352,0.9915,1,After,New,drivers/infiniband/core,drivers,,,,,
600,Template,Template,none,Warning,amd64,3/5/2020,12/22/2019,,9/13/2014,74,1926,883,957,0.9227,1,Before,Old,net/sched,net,,,,,
601,Guilty Commit,Guilty Commit,none,Warning,amd64,10/5/2019,11/7/2018,,11/7/2018,332,0,0,332,0,0,After,New,include/linux,include,,,,,
603,Template,Template,none,Deadlock,amd64,2/28/2020,2/21/2020,7/16/2019,7/11/2019,7,220,220,227,0.9692,1,After,New,drivers/infiniband/core,drivers,,,,,
604,Guilty Merge,Guilty Commit,none,Deadlock,amd64,4/3/2020,2/28/2020,2/28/2020,2/24/2020,35,0,0,35,0,0,After,New,fs,fs,,,,,
605,Template,Template,none,Warning,amd64,3/9/2020,12/22/2019,,9/13/2014,78,1926,883,961,0.9188,1,Before,Old,net/sched,net,,,,,
606,Template,Template,Kasan,Use-after-free,amd64,12/3/2019,12/2/2019,3/20/2012,3/8/2012,1,2813,863,864,0.9988,1,Before,Old,drivers/tty,drivers,,,,,
607,Template,Template,Kasan,Use-after-free,amd64,12/3/2019,12/2/2019,3/20/2012,3/8/2012,1,2813,863,864,0.9988,1,Before,Old,drivers/tty,drivers,,,,,
611,Blocking Bug,Blocking Bug,none,Info,amd64,2/25/2020,2/23/2020,7/2/2019,7/2/2019,2,236,236,238,0.9916,1,After,New,lib,lib,,,,,
615,Template,Template,Kmemleak,Memory Leak,amd64,3/2/2020,1/14/2020,10/26/2019,10/23/2019,48,80,80,128,0.625,1,After,New,net/netfilter,net,,,,,
616,Template,Template,none,GPF,amd64,2/22/2020,2/21/2020,1/9/2017,1/9/2017,1,1138,944,945,0.9989,1,Before,Old,net/smc,net,,,,,
617,Template,Template,none,Deadlock,amd64,2/18/2020,2/16/2020,1/15/2020,1/15/2020,2,32,32,34,0.9412,1,After,New,kernel/bpf,kernel,,,,,
621,Template,Template,none,GPF,amd64,1/25/2020,1/7/2020,11/12/2018,10/27/2018,18,421,421,439,0.959,1,After,Old,net/netfilter/ipset,net,,,,,
622,Guilty Merge,Guilty Commit,Kasan,Use-after-free,i386,2/15/2020,10/1/2019,10/1/2019,10/1/2019,137,0,0,137,0,0,After,New,net/ipv6,net,,,,,
623,Template,Template,Kasan,Use-after-free,i386,2/16/2020,1/22/2020,10/1/2019,10/1/2019,25,113,113,138,0.8188,1,After,New,net/ipv6,net,,,,,
625,Blocking Bug,Blocking Bug,Kasan,Use-after-free,amd64,2/14/2020,11/4/2019,10/1/2019,10/1/2019,102,34,34,136,0.25,1,After,New,net/l3mdev,net,,,,,
626,Template,Template,none,GPF,amd64,2/27/2020,2/21/2020,7/16/2019,7/5/2019,6,220,220,226,0.9735,1,After,New,drivers/infiniband/core,drivers,,,,,
631,Template,Template,none,Deadlock,amd64,2/17/2020,2/16/2020,1/15/2020,1/15/2020,1,32,32,33,0.9697,1,After,New,kernel/bpf,kernel,,,,,
632,Merge Commit,Kernel Reveal,none,GPF,amd64,12/3/2019,12/2/2019,10/15/2018,10/15/2018,1,413,413,414,0.9976,1,After,Old,arch/x86/crypto,arch,,,,,
633,Merge Commit,Kernel Reveal,Kasan,Use-after-free,amd64,12/1/2019,11/28/2019,11/14/2019,11/14/2019,3,14,14,17,0.8235,1,After,New,drivers/net/can,drivers,,,,,
636,Template,Template,none,Warning,amd64,1/15/2020,1/15/2020,7/21/2018,7/18/2018,0,543,543,543,1,1,After,Old,net/netfilter,net,,,,,
637,Merge Commit,Kernel Reveal,Kmemleak,Memory Leak,amd64,12/11/2019,9/24/2019,1/8/2012,1/6/2012,78,2816,794,872,0.9106,1,Before,Old,fs/reiserfs,fs,,,,,
639,Template,Template,Kasan,Use-after-free,i386,1/9/2020,1/7/2020,10/4/2013,9/30/2013,2,2286,899,901,0.9978,1,Before,Old,net/netfilter/ipset,net,,,,,
640,Template,Template,none,Bug,amd64,1/16/2020,1/15/2020,1/9/2018,1/8/2018,1,736,736,737,0.9986,1,After,Old,net/netfilter,net,,,,,
641,Template,Template,none,Bug,amd64,1/15/2020,1/15/2020,1/9/2018,1/8/2018,0,736,736,736,1,1,After,Old,net/netfilter,net,,,,,
644,Template,Template,none,GPF,i386,1/7/2020,1/5/2020,7/21/2018,7/16/2018,2,533,533,535,0.9963,1,After,Old,net/netfilter,net,,,,,
645,Merge Commit,Kernel Reveal,none,GPF,amd64,12/26/2019,12/18/2019,2/16/2010,2/3/2010,8,3592,879,887,0.991,1,Before,Old,net/netfilter,net,,,,,
646,Template,Template,none,Warning,amd64,1/8/2020,1/3/2020,7/8/2019,7/7/2019,5,179,179,184,0.9728,1,After,New,include/net,include,,,,,
647,Merge Commit,Kernel Reveal,Kmemleak,Memory Leak,amd64,1/24/2020,9/24/2019,,4/16/2005,122,5274,794,916,0.8668,1,Before,Old,net/sched,net,,,,,
648,Blocking Bug,Blocking Bug,none,GPF,amd64,1/10/2020,1/9/2020,2/16/2010,2/3/2010,1,3614,901,902,0.9989,1,Before,Old,net/netfilter,net,,,,,
649,Merge Commit,Kernel Reveal,Kmemleak,Memory Leak,amd64,1/29/2020,1/29/2020,11/27/2019,11/20/2019,0,63,63,63,1,1,After,New,sound/core,sound,,,,,
650,Template,Template,Kasan,Slab-Out-of-Bounds,amd64,1/21/2020,1/7/2020,,4/16/2005,14,5379,899,913,0.9847,1,Before,Old,lib,lib,,,,,
651,Merge Commit,Kernel Reveal,none,GPF,amd64,1/28/2020,1/27/2020,1/26/2020,1/26/2020,1,1,1,2,0.5,1,After,New,fs,fs,,,,,
652,Template,Template,Kasan,Use-after-free,amd64,1/18/2020,1/14/2020,11/11/2017,11/11/2017,4,794,794,798,0.995,1,After,Old,net/ipv4,net,,,,,
653,Template,Template,Kmemleak,Memory Leak,amd64,1/18/2020,1/7/2020,,5/29/2019,11,223,223,234,0.953,1,After,New,net/sched,net,,,,,
655,Template,Template,Kasan,Slab-Out-of-Bounds,i386,1/21/2020,1/7/2020,,4/16/2005,14,5379,899,913,0.9847,1,Before,Old,lib,lib,,,,,
657,Template,Template,Kmemleak,Memory Leak,amd64,1/16/2020,1/14/2020,10/26/2019,10/23/2019,2,80,80,82,0.9756,1,After,New,net/netfilter,net,,,,,
659,Template,Template,Kasan,Null-ptr-deref,amd64,8/17/2019,7/22/2019,6/26/2014,6/16/2014,26,1852,730,756,0.9656,1,Before,Old,kernel,kernel,,,,,
660,Template,Template,none,Warning,i386,1/21/2020,12/22/2019,,8/31/2017,30,843,843,873,0.9656,1,After,Old,net/sched,net,,,,,
663,Merge Commit,Kernel Reveal,none,Inconsistent lock state,amd64,2/7/2020,2/4/2020,6/26/2016,6/22/2016,3,1318,927,930,0.9968,1,Before,Old,net/rxrpc,net,,,,,
664,Template,Template,none,Warning,amd64,1/22/2020,12/22/2019,,8/31/2017,31,843,843,874,0.9645,1,After,Old,net/sched,net,,,,,
665,Template,Template,none,GPF,amd64,1/15/2020,1/14/2020,10/17/2013,10/14/2013,1,2280,906,907,0.9989,1,Before,Old,net/netfilter,net,,,,,
666,Template,Template,Kasan,Slab-Out-of-Bounds,amd64,1/11/2020,1/5/2020,,4/28/2008,6,4269,897,903,0.9934,1,Before,Old,mm,mm,,,,,
667,Template,Template,none,GPF,amd64,1/15/2020,1/15/2020,8/5/2018,8/3/2018,0,528,528,528,1,1,After,Old,net/netfilter,net,,,,,
668,Template,Template,none,Warning,amd64,1/6/2020,1/3/2020,7/8/2019,7/7/2019,3,179,179,182,0.9835,1,After,New,drivers/net,drivers,,,,,
670,Template,Template,none,GPF,i386,2/6/2020,1/7/2020,5/31/2019,5/22/2019,30,221,221,251,0.8805,1,After,New,net/ipv6,net,,,,,
671,Kernel Commit,Kernel Reveal,none,GPF,amd64,1/11/2020,5/14/2019,3/21/2019,3/21/2019,242,54,54,296,0.1824,1,After,New,net/sched,net,,,,,
672,Blocking Bug,Blocking Bug,none,Bug,i386,1/24/2020,5/31/2019,11/8/2018,11/7/2018,238,204,204,442,0.4615,1,After,Old,arch/x86/lib,arch,,,,,
674,Syzkaller Commit,Syzkaller Commit,Kasan,Slab-Out-of-Bounds,amd64,10/6/2019,12/26/2018,,9/13/2014,284,1565,522,806,0.6476,1,Before,Old,net/sched,net,,,,,
675,Template,Template,none,GPF,i386,1/8/2020,1/7/2020,2/2/2011,2/1/2011,1,3261,899,900,0.9989,1,Before,Old,net/netfilter/ipset,net,,,,,
676,Merge Commit,Kernel Reveal,none,Inconsistent lock state,amd64,2/5/2020,2/4/2020,6/26/2016,6/22/2016,1,1318,927,928,0.9989,1,Before,Old,net/rxrpc,net,,,,,
678,Template,Template,Kasan,Null-ptr-deref,amd64,1/27/2020,1/7/2020,,8/31/2017,20,859,859,879,0.9772,1,After,Old,net/sched,net,,,,,
679,Guilty Merge,Guilty Commit,none,Bug,amd64,12/17/2019,12/2/2019,12/2/2019,12/1/2019,15,0,0,15,0,0,After,New,fs/xfs/libxfs,fs,,,,,
683,Template,Template,none,GPF,amd64,11/5/2019,11/2/2019,9/5/2019,9/4/2019,3,58,58,61,0.9508,1,After,New,net/can/j1939,net,,,,,
685,Guilty Merge,Guilty Commit,none,GPF,amd64,12/24/2019,12/22/2019,12/22/2019,12/17/2019,2,0,0,2,0,0,After,New,net/sctp,net,,,,,
687,Syzkaller Commit,Syzkaller Commit,none,GPF,i386,11/29/2019,11/2/2019,9/5/2019,9/4/2019,27,58,58,85,0.6824,1,After,New,net/can/j1939,net,,,,,
688,Sanitizer Commit,Sanitizer Commit,Kasan,Vmalloc-out-of-bounds,i386,12/13/2019,12/1/2019,2/18/2010,2/16/2010,12,3573,862,874,0.9863,1,Before,Old,net/bridge/netfilter,net,,,,,
690,Merge Commit,Kernel Reveal,none,Deadlock,amd64,8/30/2018,6/22/2018,1/13/2018,1/9/2018,69,160,160,229,0.6987,1,After,New,drivers/usb/mon,drivers,,,,,
691,Merge Commit,Kernel Reveal,none,Warning,amd64,11/30/2019,11/27/2019,11/16/2019,11/12/2019,3,11,11,14,0.7857,1,After,New,net/smc,net,,,,,
694,Merge Commit,Kernel Reveal,Kmemleak,Memory Leak,amd64,12/2/2019,9/24/2019,,12/8/2011,69,2847,794,863,0.92,1,Before,Old,net/bridge,net,,,,,
695,Sanitizer Commit,Sanitizer Commit,Kasan,Vmalloc-out-of-bounds,i386,12/2/2019,12/1/2019,11/15/2013,10/30/2013,1,2207,862,863,0.9988,1,Before,Old,arch/x86/kvm,arch,,,,,
697,Guilty Merge,Guilty Commit,Kasan,Slab-Out-of-Bounds,amd64,12/2/2019,12/1/2019,12/1/2019,10/23/2019,1,0,0,1,0,0,After,New,net/core,net,,,,,
698,Guilty Merge,Guilty Commit,Kmemleak,Memory Leak,amd64,11/28/2019,10/1/2019,10/1/2019,10/1/2019,58,0,0,58,0,0,After,New,net/core,net,,,,,
700,Guilty Merge,Guilty Commit,Kasan,Slab-Out-of-Bounds,amd64,12/1/2019,11/30/2019,11/30/2019,10/31/2019,1,0,0,1,0,0,After,New,fs,fs,,,,,
701,Merge Commit,Kernel Reveal,none,Warning,amd64,1/13/2019,6/22/2018,7/27/2010,7/21/2010,205,2887,335,540,0.6204,1,Before,Old,drivers/tty,drivers,,,,,
708,Template,Template,Kasan,Use-after-free,amd64,10/3/2019,9/27/2019,8/30/2019,8/30/2019,6,28,28,34,0.8235,1,After,New,fs,fs,,,,,
709,Template,Template,none,GPF,amd64,11/5/2019,11/2/2019,9/5/2019,9/4/2019,3,58,58,61,0.9508,1,After,New,net/can/j1939,net,,,,,
711,Template,Template,none,Warning,amd64,11/5/2019,11/2/2019,9/5/2019,9/4/2019,3,58,58,61,0.9508,1,After,New,net/can/j1939,net,,,,,
713,Kernel Commit,Kernel Reveal,none,Warning,amd64,8/5/2018,8/5/2018,1/29/2018,1/18/2018,0,188,188,188,1,1,After,New,block,block,,,,,
720,Blocking Bug,Blocking Bug,none,Warning,amd64,9/10/2018,8/30/2018,8/18/2018,7/16/2018,11,12,12,23,0.5217,1,After,New,fs/kernfs,fs,,,,,
723,Blocking Bug,Blocking Bug,Kasan,Use-after-free,i386,4/3/2018,4/2/2018,3/31/2016,1/21/2016,1,732,254,255,0.9961,1,Before,Old,kernel/trace,kernel,,,,,
726,Kernel Commit,Kernel Reveal,Kasan,Use-after-free,amd64,12/28/2018,12/21/2018,,12/17/2018,7,4,4,11,0.3636,1,After,New,kernel/time,kernel,,,,,
727,Merge Commit,Kernel Reveal,none,GPF,amd64,2/11/2019,8/15/2018,7/27/2010,7/21/2010,180,2941,389,569,0.6837,1,Before,Old,drivers/bluetooth,drivers,,,,,
729,Syzkaller Commit,Syzkaller Commit,none,Bug,amd64,7/12/2018,6/22/2018,12/2/2016,12/2/2016,20,567,335,355,0.9437,1,Before,Old,net/ipv4,net,,,,,
731,Syzkaller Commit,Syzkaller Commit,Kmemleak,Memory Leak,amd64,6/20/2019,6/18/2018,,4/16/2005,367,4811,331,698,0.4742,1,Before,Old,net/llc,net,,,,,
734,Template,Template,Kasan,Use-after-free,amd64,9/8/2019,7/16/2019,3/5/2017,3/3/2017,54,863,724,778,0.9306,1,Before,Old,net/rxrpc,net,,,,,
735,Syzkaller Commit,Syzkaller Commit,Kmemleak,Memory Leak,amd64,5/20/2019,6/12/2018,,4/16/2005,342,4805,325,667,0.4873,1,Before,Old,net/llc,net,,,,,
738,Blocking Bug,Blocking Bug,Kmemleak,Memory Leak,amd64,5/20/2019,6/11/2018,3/31/2018,3/27/2018,343,72,72,415,0.1735,1,After,Old,net/llc,net,,,,,
741,Guilty Merge,Guilty Commit,none,Warning,amd64,10/1/2019,9/28/2019,9/28/2019,9/25/2019,3,0,0,3,0,0,After,New,include/linux,include,,,,,
742,Guilty Merge,Guilty Commit,none,Warning,amd64,10/1/2019,9/28/2019,9/28/2019,9/25/2019,3,0,0,3,0,0,After,New,kernel/rcu,kernel,,,,,
743,Merge Commit,Kernel Reveal,none,Bug,amd64,9/23/2019,9/18/2019,2/1/2019,1/31/2019,5,229,229,234,0.9786,1,After,New,net/kcm,net,,,,,
749,Guilty Merge,Guilty Commit,none,Warning,amd64,9/30/2019,9/28/2019,9/28/2019,9/25/2019,2,0,0,2,0,0,After,New,kernel/sched,kernel,,,,,
750,Template,Template,none,deadlock,amd64,9/26/2019,9/18/2019,2/12/2019,2/12/2019,8,218,218,226,0.9646,1,After,New,net/sched,net,,,,,
751,Syzkaller Commit,Syzkaller Commit,Kmemleak,Memory Leak,amd64,7/21/2019,6/12/2018,4/29/2013,4/28/2013,404,1870,325,729,0.4458,1,Before,Old,net/nfc,net,,,,,
753,Blocking Bug,Blocking Bug,Kmemleak,Memory Leak,amd64,8/4/2019,12/28/2018,3/22/2018,3/22/2018,219,281,281,500,0.562,1,After,Old,drivers/net/ppp,drivers,,,,,
754,Merge Commit,Kernel Reveal,none,GPF,amd64,9/6/2019,10/24/2018,5/17/2017,5/17/2017,317,525,459,776,0.5915,1,Before,Old,net/sched,net,,,,,
757,Blocking Bug,Blocking Bug,none,Bug,i386,9/4/2019,12/28/2018,,12/19/2013,250,1835,524,774,0.677,1,Before,Old,net/ipv6,net,,,,,
758,Merge Commit,Kernel Reveal,none,Info,amd64,9/6/2019,5/11/2019,,12/19/2013,118,1969,658,776,0.8479,1,Before,Old,net/bridge,net,,,,,
759,Blocking Bug,Blocking Bug,none,Info,amd64,9/6/2019,12/29/2018,,12/19/2013,251,1836,525,776,0.6765,1,Before,Old,net/ipv6,net,,,,,
760,Syzkaller Commit,Syzkaller Commit,none,Info,amd64,1/5/2019,12/29/2018,,12/19/2013,7,1836,525,532,0.9868,1,Before,Old,net/ipv4,net,,,,,
762,Blocking Bug,Blocking Bug,Kmemleak,Memory Leak,amd64,5/31/2019,5/11/2019,11/27/2017,11/27/2017,20,530,530,550,0.9636,1,After,Old,net/sctp,net,,,,,
764,Guilty Merge,Guilty Commit,none,Warning,amd64,9/5/2018,8/21/2018,8/21/2018,7/30/2018,15,0,0,15,0,0,After,New,kernel/trace,kernel,,,,,
766,Guilty Merge,Guilty Commit,none,GPF,amd64,7/4/2018,6/30/2018,6/30/2018,6/30/2018,4,0,0,4,0,0,After,New,kernel/bpf,kernel,,,,,
778,Merge Commit,Kernel Reveal,Kasan,Use-after-free,amd64,11/18/2018,7/19/2018,2/17/2017,2/17/2017,122,517,362,484,0.7479,1,Before,Old,kernel/bpf,kernel,,,,,
780,Kernel Commit,Kernel Reveal,none,Warning,i386,6/3/2019,5/11/2019,4/12/2019,4/12/2019,23,29,29,52,0.5577,1,After,New,include/net,include,,,,,
786,Syzkaller Commit,Syzkaller Commit,none,GPF,amd64,7/19/2019,7/24/2018,3/1/2016,3/1/2016,360,875,367,727,0.5048,1,Before,Old,net/sched,net,,,,,
795,Merge Commit,Kernel Reveal,none,Warning,amd64,5/27/2019,5/11/2019,4/27/2018,4/27/2018,16,379,379,395,0.9595,1,After,Old,net/core,net,,,,,
800,Merge Commit,Kernel Reveal,none,Warning,i386,12/22/2019,1/30/2019,1/28/2019,1/28/2019,326,2,2,328,0.0061,1,After,New,net/netfilter,net,,,,,
806,Merge Commit,Kernel Reveal,Kmemleak,Memory Leak,amd64,6/9/2019,5/11/2019,5/9/2019,5/7/2019,29,2,2,31,0.0645,1,After,New,fs/nfs,fs,,,,,
808,Blocking Bug,Blocking Bug,none,Bug,amd64,3/21/2019,3/10/2019,7/27/2010,7/21/2010,11,3148,596,607,0.9819,1,Before,Old,drivers/bluetooth,drivers,,,,,
809,Merge Commit,Kernel Reveal,Kmemleak,Memory Leak,amd64,5/28/2019,9/28/2018,5/26/2018,5/22/2018,242,125,125,367,0.3406,1,After,Old,net/sctp,net,,,,,
813,Guilty Merge,Guilty Commit,none,GPF,amd64,7/11/2019,7/11/2019,7/11/2019,7/8/2019,0,0,0,0,0,0,After,New,net/ipv6,net,,,,,
814,Template,Template,none,Bug,amd64,6/17/2019,5/16/2019,,2/12/2019,32,93,93,125,0.744,1,After,New,drivers/android,drivers,,,,,
815,Template,Template,Kmemleak,Memory Leak,amd64,5/24/2019,12/26/2018,4/17/2007,4/17/2007,149,4271,522,671,0.7779,1,Before,Old,net/key,net,,,,,
818,Blocking Bug,Blocking Bug,Kmemleak,Memory Leak,amd64,5/28/2019,6/12/2018,7/17/2008,7/16/2008,350,3617,325,675,0.4815,1,Before,Old,net/netfilter/ipvs,net,,,,,
819,Guilty Merge,Guilty Commit,none,Warning,amd64,7/11/2019,7/11/2019,7/11/2019,7/8/2019,0,0,0,0,0,0,After,New,kernel,kernel,,,,,
821,Template,Template,none,GPF,amd64,1/21/2019,12/30/2018,,6/9/2016,22,934,526,548,0.9599,1,Before,Old,net/rxrpc,net,,,,,
824,Blocking Bug,Blocking Bug,none,GPF,amd64,6/16/2019,6/10/2019,5/8/2019,3/20/2019,6,33,33,39,0.8462,1,After,New,fs,fs,,,,,
825,Blocking Bug,Blocking Bug,Kmemleak,Men,amd64,6/23/2019,6/11/2018,1/3/2017,1/3/2017,377,524,324,701,0.4622,1,Before,Old,net/packet,net,,,,,
826,Merge Commit,Kernel Reveal,none,Deadlock,amd64,2/1/2019,8/31/2018,8/14/2018,8/6/2018,154,17,17,171,0.0994,1,After,New,fs,fs,,,,,
828,Template,Template,Kmemleak,Memory Leak,amd64,6/22/2019,1/10/2019,,10/10/2007,163,4110,537,700,0.7671,1,Before,Old,net/sctp,net,,,,,
832,Kernel Commit,Kernel Reveal,none,Warning,amd64,6/14/2019,5/11/2019,3/7/2019,2/7/2019,34,65,65,99,0.6566,1,After,New,fs/notify/fanotify,fs,,,,,
834,Syzkaller Commit,Syzkaller Commit,Kmemleak,Memory Leak,amd64,6/2/2019,6/12/2018,,2/15/2009,355,3404,325,680,0.4779,1,Before,Old,net/can,net,,,,,
835,Syzkaller Commit,Syzkaller Commit,Kmemleak,Memory Leak,amd64,5/24/2019,12/26/2018,10/13/2017,10/13/2017,149,439,439,588,0.7466,1,After,Old,net/tipc,net,,,,,
836,Blocking Bug,Blocking Bug,Kmemleak,Memory Leak,amd64,5/28/2019,9/28/2018,6/7/2009,6/3/2009,242,3400,433,675,0.6415,1,Before,Old,lib,lib,,,,,
838,Syzkaller Commit,Syzkaller Commit,none,Bug,amd64,6/15/2019,6/3/2019,5/8/2019,3/20/2019,12,26,26,38,0.6842,1,After,New,fs,fs,,,,,
840,Syzkaller Commit,Syzkaller Commit,none,Bug,amd64,6/15/2019,6/3/2019,5/8/2019,3/20/2019,12,26,26,38,0.6842,1,After,New,fs,fs,,,,,
843,Merge Commit,Kernel Reveal,Kmemleak,Memory Leak,amd64,5/21/2019,5/13/2019,3/8/2019,2/28/2019,8,66,66,74,0.8919,1,After,New,fs,fs,,,,,
845,Blocking Bug,Blocking Bug,Kmemleak,Memory Leak,amd64,5/20/2019,6/12/2018,11/29/2017,11/28/2017,342,195,195,537,0.3631,1,After,Old,net/packet,net,,,,,
848,Blocking Bug,Blocking Bug,Kmemleak,Memory Leak,amd64,5/26/2019,12/29/2018,4/10/2018,3/14/2018,148,263,263,411,0.6399,1,After,Old,kernel/trace,kernel,,,,,
849,Merge Commit,Kernel Reveal,Kmemleak,Memory Leak,amd64,5/21/2019,6/18/2018,,4/16/2005,337,4811,331,668,0.4955,1,Before,Old,net/llc,net,,,,,
850,Blocking Bug,Blocking Bug,Kmemleak,Memory Leak,amd64,5/21/2019,12/6/2018,12/3/2018,12/3/2018,166,3,3,169,0.0178,1,After,New,net/ipv4,net,,,,,
852,Merge Commit,Kernel Reveal,none,Bug,amd64,5/10/2019,3/5/2019,9/14/2018,9/14/2018,66,172,172,238,0.7227,1,After,New,net/core,net,,,,,
857,Merge Commit,Kernel Reveal,none,Bug,i386,3/28/2019,3/6/2019,11/10/2016,10/30/2016,22,846,592,614,0.9642,1,Before,Old,drivers/android,drivers,,,,,
864,Merge Commit,Kernel Reveal,none,GPF,amd64,4/23/2019,3/30/2019,10/11/2018,10/8/2018,24,170,170,194,0.8763,1,After,New,net/core,net,,,,,
865,Template,Template,none,Warning,amd64,4/12/2019,4/12/2019,3/8/2019,2/28/2019,0,35,35,35,1,1,After,New,kernel,kernel,,,,,
866,Syzkaller Commit,Syzkaller Commit,none,Info,amd64,11/27/2018,8/31/2018,8/6/2016,8/2/2016,88,755,405,493,0.8215,1,Before,Old,drivers/vhost,drivers,,,,,
869,Template,Template,none,Bug,amd64,3/24/2019,12/24/2018,6/29/2018,6/29/2018,90,178,178,268,0.6642,1,After,New,lib,lib,,,,,
871,Template,Template,Kasan,Use-after-free,amd64,11/28/2018,7/6/2018,,10/31/2016,145,613,349,494,0.7065,1,Before,Old,fs,fs,,,,,
872,Template,Template,Kasan,Use-after-free,amd64,11/28/2018,7/6/2018,,10/31/2016,145,613,349,494,0.7065,1,Before,Old,fs,fs,,,,,
874,Syzkaller Commit,Syzkaller Commit,none,Panic,amd64,12/30/2018,12/30/2018,1/31/2018,1/19/2018,0,333,333,333,1,1,After,New,fs,fs,,,,,
876,Template,Template,none,GPF,amd64,9/6/2018,8/26/2018,8/19/2018,8/6/2018,11,7,7,18,0.3889,1,After,New,arch/x86/kvm,arch,,,,,
877,Merge Commit,Kernel Reveal,none,GPF,amd64,3/6/2019,3/5/2019,10/3/2017,10/3/2017,1,518,518,519,0.9981,1,After,Old,net/sctp,net,,,,,
879,Guilty Merge,Guilty Commit,Kasan,Use-after-free,amd64,3/7/2019,3/6/2019,3/6/2019,2/28/2019,1,0,0,1,0,0,After,New,kernel,kernel,,,,,
885,Syzkaller Commit,Syzkaller Commit,none,Bug,amd64,8/6/2018,7/24/2018,11/22/2013,9/24/2013,13,1705,367,380,0.9658,1,Before,Old,security/keys,security,,,,,
889,Merge Commit,Kernel Reveal,none,GPF,amd64,12/1/2018,10/31/2018,1/21/2013,1/24/2013,31,2109,466,497,0.9376,1,Before,Old,fs/fuse,fs,,,,,
890,Syzkaller Commit,Syzkaller Commit,Kasan,Slab-Out-of-Bounds,i386,12/28/2018,12/26/2018,,12/16/2010,2,2932,522,524,0.9962,1,Before,Old,net/batman-adv,net,,,,,
894,Merge Commit,Kernel Reveal,none,Bug,amd64,12/2/2018,10/6/2018,,7/3/2008,57,3747,441,498,0.8855,1,Before,Old,arch/x86/lib,arch,,,,,
899,Kernel Commit,Kernel Reveal,none,GPF,amd64,12/20/2018,7/24/2018,,6/19/2012,149,2226,367,516,0.7112,1,Before,Old,drivers/net/team,drivers,,,,,
905,Syzkaller Commit,Syzkaller Commit,Kasan,use-after-free,i386,12/27/2018,12/26/2018,,12/16/2010,1,2932,522,523,0.9981,1,Before,Old,net/batman-adv,net,,,,,
906,Guilty Merge,Guilty Commit,none,GPF,amd64,2/20/2019,2/20/2019,2/20/2019,2/15/2019,0,0,0,0,0,0,After,New,net/ipv6,net,,,,,
908,Template,Template,none,Warning,amd64,2/4/2019,12/30/2018,9/10/2016,9/8/2016,36,841,526,562,0.9359,1,Before,Old,net/rxrpc,net,,,,,
909,Merge Commit,Kernel Reveal,none,GPF,amd64,11/3/2018,11/1/2018,1/18/2016,12/20/2015,2,1018,467,469,0.9957,1,Before,Old,security/keys,security,,,,,
912,Syzkaller Commit,Syzkaller Commit,none,Bug,amd64,1/1/2019,6/22/2018,,4/16/2005,193,4815,335,528,0.6345,1,Before,Old,kernel/time,kernel,,,,,
913,Kernel Commit,Kernel Reveal,Kasan,Slab-Out-of-Bounds,amd64,11/9/2018,7/22/2018,6/15/2016,6/15/2016,110,767,365,475,0.7684,1,Before,Old,drivers/net,drivers,,,,,
914,Merge Commit,Kernel Reveal,Kasan,Use-after-free,amd64,1/1/2019,12/29/2018,12/28/2018,11/30/2018,3,1,1,4,0.25,1,After,New,fs,fs,,,,,
916,Template,Template,Kasan,Use-after-free,amd64,12/10/2018,12/9/2018,8/27/2016,8/26/2016,1,834,505,506,0.998,1,Before,Old,net/core,net,,,,,
918,Guilty Merge,Guilty Commit,Kasan,Use-after-free,amd64,11/25/2018,10/26/2018,10/26/2018,10/17/2018,30,0,0,30,0,0,After,New,virt/kvm,virt,,,,,
921,Blocking Bug,Blocking Bug,none,Warning,amd64,12/6/2018,12/5/2018,11/3/2018,11/3/2018,1,32,32,33,0.9697,1,After,New,mm,mm,,,,,
922,Syzkaller Commit,Syzkaller Commit,none,Warning,amd64,11/10/2018,6/22/2018,4/14/2015,4/2/2015,141,1165,335,476,0.7038,1,Before,Old,lib,lib,,,,,
923,Merge Commit,Kernel Reveal,none,GPF,amd64,11/11/2018,10/23/2018,7/24/2012,6/18/2012,19,2282,458,477,0.9602,1,Before,Old,arch/x86/lib,arch,,,,,
925,Syzkaller Commit,Syzkaller Commit,none,Warning,amd64,11/14/2018,6/22/2018,12/17/2017,12/17/2017,145,187,187,332,0.5633,1,After,New,kernel/bpf,kernel,,,,,
927,Merge Commit,Kernel Reveal,none,GPF,amd64,10/31/2018,10/24/2018,7/21/2018,7/16/2018,7,95,95,102,0.9314,1,After,New,net/netfilter,net,,,,,
932,Blocking Bug,Blocking Bug,none,Warning,amd64,8/5/2018,7/9/2018,11/9/2016,11/9/2016,27,607,352,379,0.9288,1,Before,Old,net/ipv4,net,,,,,
933,Merge Commit,Kernel Reveal,Kasan,Use-after-free,amd64,9/13/2018,9/9/2018,7/2/2015,7/1/2015,4,1165,414,418,0.9904,1,Before,Old,fs/fuse,fs,,,,,
934,Template,Template,Kasan,Slab-Out-of-Bounds,i386,7/9/2018,7/8/2018,4/7/2018,4/6/2018,1,92,92,93,0.9892,1,After,New,fs/fscache,fs,,,,,
935,Merge Commit,Kernel Reveal,none,Bug,amd64,10/8/2018,6/16/2018,5/3/2018,5/3/2018,114,44,44,158,0.2785,1,After,New,net/core,net,,,,,
936,Guilty Merge,Guilty Commit,Kasan,Use-after-free,amd64,8/29/2018,8/19/2018,8/19/2018,8/6/2018,10,0,0,10,0,0,After,New,kernel/sched,kernel,,,,,
939,Merge Commit,Kernel Reveal,Kasan,Use-after-free,amd64,9/29/2018,8/16/2018,7/25/2018,7/24/2018,44,22,22,66,0.3333,1,After,New,net/ipv4,net,,,,,
941,Syzkaller Commit,Syzkaller Commit,none,Warning,amd64,8/30/2018,6/22/2018,2/23/2012,2/2/2012,69,2311,335,404,0.8292,1,Before,Old,drivers/usb/core,drivers,,,,,
943,Guilty Merge,Guilty Commit,none,GPF,amd64,9/5/2018,9/4/2018,9/4/2018,8/29/2018,1,0,0,1,0,0,After,New,lib,lib,,,,,
944,Merge Commit,Kernel Reveal,none,Warning,amd64,8/30/2018,8/15/2018,6/14/2018,5/2/2018,15,62,62,77,0.8052,1,After,New,security/apparmor,security,,,,,
945,Merge Commit,Kernel Reveal,none,GPF,amd64,9/6/2018,8/31/2018,11/17/2017,11/9/2017,6,287,287,293,0.9795,1,After,New,fs/overlayfs,fs,,,,,
946,Merge Commit,Kernel Reveal,Kasan,Use-after-free,amd64,9/5/2018,9/3/2018,3/22/2018,3/22/2018,2,165,165,167,0.988,1,After,New,net/core,net,,,,,
947,Syzkaller Commit,Syzkaller Commit,Kasan,Use-after-free,i386,8/23/2018,7/24/2018,4/15/2016,4/15/2016,30,830,367,397,0.9244,1,Before,Old,net/sctp,net,,,,,
948,Syzkaller Commit,Syzkaller Commit,none,GPF,amd64,7/23/2018,7/16/2018,5/6/2014,4/28/2014,7,1532,359,366,0.9809,1,Before,Old,fs/fuse,fs,,,,,
949,Syzkaller Commit,Syzkaller Commit,none,Warning,amd64,7/12/2018,7/10/2018,7/3/2016,6/30/2016,2,737,353,355,0.9944,1,Before,Old,fs/fuse,fs,,,,,
951,Merge Commit,Kernel Reveal,Kasan,Slab-Out-of-Bounds,amd64,7/28/2018,6/6/2018,,8/24/2011,52,2478,319,371,0.8598,1,Before,Old,net/ethernet,net,,,,,
952,Guilty Merge,Guilty Commit,none,Warning,amd64,8/14/2018,8/12/2018,8/12/2018,7/30/2018,2,0,0,2,0,0,After,New,sound/core,sound,,,,,
953,Template,Template,none,Warning,i386,7/30/2018,7/6/2018,2/11/2013,2/10/2013,24,1971,349,373,0.9357,1,Before,Old,net/vmw_vsock,net,,,,,
954,Guilty Merge,Guilty Commit,none,GPF,i386,8/8/2018,7/19/2018,7/19/2018,7/16/2018,20,0,0,20,0,0,After,New,net/smc,net,,,,,
956,Merge Commit,Kernel Reveal,Kasan,Use-after-free,amd64,7/15/2018,6/10/2018,4/18/2018,4/17/2018,35,53,53,88,0.6023,1,After,New,net/ipv6,net,,,,,
957,Template,Template,none,Warning,amd64,7/16/2018,6/18/2018,4/18/2018,4/17/2018,28,61,61,89,0.6854,1,After,New,include/net,include,,,,,
959,Syzkaller Commit,Syzkaller Commit,none,Bug,amd64,7/15/2018,7/8/2018,1/5/2018,1/4/2018,7,184,184,191,0.9634,1,After,New,fs,fs,,,,,
961,Kernel Commit,Kernel Reveal,Kasan,Slab-Out-of-Bounds,amd64,6/30/2018,6/18/2018,8/29/2017,8/29/2017,12,293,293,305,0.9607,1,After,New,net/ipv6,net,,,,,
962,Template,Template,none,Warning,amd64,6/22/2018,6/7/2018,2/6/2018,2/6/2018,15,121,121,136,0.8897,1,After,New,kernel/bpf,kernel,,,,,
966,Merge Commit,Kernel Reveal,none,Warning,amd64,6/8/2018,6/6/2018,8/13/2010,8/11/2010,2,2854,319,321,0.9938,1,Before,Old,lib,lib,,,,,
971,Merge Commit,Kernel Reveal,Kasan,Use-after-free,amd64,7/9/2018,6/22/2018,4/1/2017,4/1/2017,17,447,335,352,0.9517,1,Before,Old,net/bpf,net,,,,,
980,Kernel Commit,Kernel Reveal,Kasan,Use-after-free,amd64,6/7/2018,6/6/2018,5/23/2018,5/23/2018,1,14,14,15,0.9333,1,After,New,fs,fs,,,,,
982,Merge Commit,Kernel Reveal,none,GPF,amd64,6/7/2018,6/2/2018,5/23/2018,5/23/2018,5,10,10,15,0.6667,1,After,New,fs,fs,,,,,
983,Syzkaller Commit,Syzkaller Commit,Kasan,Use-after-free,amd64,6/28/2018,6/22/2018,5/16/2018,5/15/2018,6,37,37,43,0.8605,1,After,New,kernel/bpf,kernel,,,,,
984,Kernel Commit,Kernel Reveal,Kasan,Use-after-free,i386,6/7/2018,5/29/2018,5/23/2018,5/23/2018,9,6,6,15,0.4,1,After,New,fs,fs,,,,,
987,Kernel Commit,Kernel Reveal,Kasan,Use-after-free,amd64,6/7/2018,6/5/2018,5/23/2018,5/23/2018,2,13,13,15,0.8667,1,After,New,fs,fs,,,,,
992,Kernel Commit,Kernel Reveal,Kasan,Use-after-free,amd64,6/21/2018,6/20/2018,5/16/2018,5/15/2018,1,35,35,36,0.9722,1,After,New,kernel/bpf,kernel,,,,,
997,Blocking Bug,Blocking Bug,none,Warning,amd64,4/11/2018,2/16/2018,1/31/2018,1/26/2018,54,16,16,70,0.2286,1,After,New,HELP,HELP,,,,,
1000,Template,Template,Kasan,Null-ptr-deref,amd64,6/7/2018,6/7/2018,5/22/2018,5/22/2018,0,16,16,16,1,1,After,New,net/xdp,net,,,,,
1002,Merge Commit,Kernel Reveal,Kasan,Use-after-free,i386,6/21/2018,6/5/2018,2/9/2016,2/9/2016,16,847,318,334,0.9521,1,Before,Old,include/linux,include,,,,,
1004,Blocking Bug,Blocking Bug,Kasan,Use-after-free,amd64,6/13/2018,6/13/2018,6/5/2018,5/19/2018,0,8,8,8,1,1,After,New,crypto,crypto,,,,,
1008,Guilty Merge,Guilty Commit,none,Info,i386,3/11/2018,3/10/2018,3/10/2018,3/7/2018,1,0,0,1,0,0,After,New,drivers/infiniband/core,drivers,,,,,
1030,Merge Commit,Kernel Reveal,none,GPF,amd64,4/21/2018,2/15/2018,1/26/2018,1/26/2018,65,20,20,85,0.2353,1,After,New,net/smc,net,,,,,
1031,Guilty Merge,Guilty Commit,none,GPF,i386,2/27/2018,1/26/2018,1/26/2018,1/26/2018,32,0,0,32,0,0,After,New,net/smc,net,,,,,
1032,Blocking Bug,Blocking Bug,none,GPF,amd64,4/25/2018,4/20/2018,1/26/2018,1/26/2018,5,84,84,89,0.9438,1,After,New,net/smc,net,,,,,
1033,Syzkaller Commit,Syzkaller Commit,none,GPF,amd64,2/26/2018,2/22/2018,1/26/2018,1/26/2018,4,27,27,31,0.871,1,After,New,net/smc,net,,,,,
1034,Syzkaller Commit,Syzkaller Commit,none,Warning,amd64,4/30/2018,7/22/2017,4/12/2014,4/8/2014,282,1197,0,282,0,0,Before,Old,kernel,kernel,,,,,
1037,Template,Template,none,GPF,i386,3/17/2018,3/6/2018,12/13/2006,12/12/2006,11,4101,227,238,0.9538,1,Before,Old,drivers/infiniband/core,drivers,,,,,
1056,Template,Template,none,Deadlock,i386,3/2/2018,2/26/2018,1/26/2018,1/26/2018,4,31,31,35,0.8857,1,After,New,net/smc,net,,,,,
1060,Template,Template,none,GPF,amd64,3/23/2018,3/6/2018,12/13/2006,12/12/2006,17,4101,227,244,0.9303,1,Before,Old,drivers/infiniband/core,drivers,,,,,
1062,Template,Template,none,GPF,i386,3/20/2018,3/6/2018,12/13/2006,12/12/2006,14,4101,227,241,0.9419,1,Before,Old,drivers/infiniband/core,drivers,,,,,
1070,Template,Template,Kasan,Use-after-free,i386,3/14/2018,1/24/2018,12/8/2017,12/8/2017,49,47,47,96,0.4896,1,After,New,net/sched,net,,,,,
1071,Template,Template,none,GPF,amd64,3/6/2018,3/6/2018,12/13/2006,12/12/2006,0,4101,227,227,1,1,Before,Old,drivers/infiniband/core,drivers,,,,,
1072,Template,Template,none,Warning,i386,3/6/2018,3/6/2018,10/12/2007,10/9/2007,0,3798,227,227,1,1,Before,Old,mm,mm,,,,,
1073,Template,Template,none,Bug,i386,3/12/2018,3/6/2018,7/13/2013,6/20/2013,6,1697,227,233,0.9742,1,Before,Old,lib,lib,,,,,
1074,Template,Template,Kasan,Use-after-free,amd64,3/6/2018,3/6/2018,12/13/2006,12/12/2006,0,4101,227,227,1,1,Before,Old,drivers/infiniband/core,drivers,,,,,
1076,Template,Template,none,GPF,i386,3/16/2018,3/6/2018,12/13/2006,12/12/2006,10,4101,227,237,0.9578,1,Before,Old,drivers/infiniband/core,drivers,,,,,
1077,Template,Template,Kasan,Null-ptr-deref,i386,3/9/2018,3/6/2018,12/13/2006,12/12/2006,3,4101,227,230,0.987,1,Before,Old,drivers/infiniband/core,drivers,,,,,
1078,Template,Template,none,Null-ptr-deref,i386,3/6/2018,3/6/2018,2/19/2007,2/16/2007,0,4033,227,227,1,1,Before,Old,drivers/infiniband/core,drivers,,,,,
1112,Template,Template,none,Warning,i386,2/1/2018,1/14/2018,12/15/2017,12/13/2017,18,30,30,48,0.625,1,After,New,include/linux,include,,,,,
1116,Syzkaller Commit,Syzkaller Commit,Kasan,Double-free,i386,12/13/2017,7/22/2017,,6/3/2015,144,780,0,144,0,0,Before,Old,net/core,net,,,,,
1120,Merge Commit,Kernel Reveal,none,GPF,amd64,1/18/2018,1/6/2018,3/23/2012,3/1/2012,12,2115,168,180,0.9333,1,Before,Old,fs/nfs,fs,,,,,
1137,Guilty Merge,Guilty Commit,none,GPF,i386,11/27/2017,9/4/2017,9/4/2017,8/29/2017,84,0,0,84,0,0,After,New,kernel/locking,kernel,,,,,
1146,Syzkaller Commit,Syzkaller Commit,Kasan,Use-after-free,amd64,1/16/2018,1/14/2018,6/15/2017,6/15/2017,2,213,176,178,0.9888,1,Before,New,net/tls,net,,,,,
1148,Guilty Merge,Guilty Commit,none,GPF,amd64,1/17/2018,1/16/2018,1/16/2018,1/15/2018,1,0,0,1,0,0,After,New,lib,lib,,,,,
1152,Syzkaller Commit,Syzkaller Commit,none,Divide error,i386,1/12/2018,1/6/2018,5/15/2014,5/15/2014,6,1332,168,174,0.9655,1,Before,Old,kernel/bpf,kernel,,,,,
1159,Template,Template,none,Warning,amd64,10/19/2017,9/2/2017,8/17/2016,8/17/2016,47,381,42,89,0.4719,1,Before,Old,include/net,include,,,,,
1161,Syzkaller Commit,Syzkaller Commit,Kasan,Slab-Out-of-Bounds,i386,12/31/2017,12/17/2017,9/12/2017,9/1/2017,14,96,96,110,0.8727,1,After,New,security,security,,,,,
1162,Syzkaller Commit,Syzkaller Commit,Kasan,Use-after-free,amd64,12/13/2017,7/22/2017,,6/3/2015,144,780,0,144,0,0,Before,Old,lib,lib,,,,,
1163,Syzkaller Commit,Syzkaller Commit,Kasan,Slab-Out-of-Bounds,i386,12/29/2017,12/17/2017,9/12/2017,9/1/2017,12,96,96,108,0.8889,1,After,New,security,security,,,,,
1164,Syzkaller Commit,Syzkaller Commit,Kasan,Wild-memory-access,amd64,12/8/2017,11/27/2017,6/23/2015,6/4/2015,11,888,128,139,0.9209,1,Before,Old,crypto,crypto,,,,,
1165,Template,Template,none,GPF,amd64,12/9/2017,11/24/2017,6/23/2015,6/4/2015,15,885,125,140,0.8929,1,Before,Old,crypto,crypto,,,,,
1166,Template,Template,none,GPF,amd64,12/11/2017,11/24/2017,10/12/2017,10/7/2017,17,43,43,60,0.7167,1,After,New,crypto,crypto,,,,,
1168,Blocking Bug,Blocking Bug,none,GPF,amd64,12/11/2017,11/29/2017,9/6/2017,7/28/2017,12,84,84,96,0.875,1,After,New,crypto,crypto,,,,,
1169,Blocking Bug,Blocking Bug,Kasan,Use-after-free,amd64,11/30/2017,11/29/2017,9/6/2017,7/28/2017,1,84,84,85,0.9882,1,After,New,crypto,crypto,,,,,
1170,Template,Template,none,GPF,amd64,12/5/2017,11/24/2017,9/6/2017,7/28/2017,11,79,79,90,0.8778,1,After,New,crypto,crypto,,,,,
1188,Syzkaller Commit,Syzkaller Commit,none,GPF,amd64,9/5/2017,7/22/2017,7/20/2017,7/18/2017,45,2,0,45,0,0,Before,New,net/ipv4,net,,,,,
1189,Template,Template,Kasan,Use-after-free,amd64,8/14/2017,8/12/2017,3/21/2016,2/18/2016,2,509,21,23,0.913,1,Before,Old,arch/x86/kernel,arch,,,,,
1191,Syzkaller Commit,Syzkaller Commit,none,Bug,amd64,8/14/2017,7/22/2017,1/17/2016,1/15/2016,23,552,0,23,0,0,Before,Old,mm,mm,,,,,
1196,Merge Commit,Kernel Reveal,none,Bug,amd64,8/3/2017,7/28/2017,6/12/2017,6/12/2017,6,46,6,12,0.5,1,Before,New,mm,mm,,,,,
1198,Guilty Merge,Guilty Commit,none,Warning,amd64,2/7/2022,1/12/2022,1/12/2022,12/30/2021,26,0,0,26,0,0,After,New,drivers/base,drivers,,,,,
1199,Guilty Merge,Guilty Commit,Kasan,Slab-Out-of-Bounds,amd64,3/4/2022,2/3/2022,2/3/2022,1/31/2022,29,0,0,29,0,0,After,New,net/smc,net,,,,,
1200,Guilty Commit,Guilty Commit,none,Bug,amd64,2/4/2022,2/3/2022,2/3/2022,1/31/2022,1,0,0,1,0,0,After,New,net/smc,net,,,,,
1201,Guilty Commit,Guilty Commit,none,Warning,amd64,2/9/2022,9/2/2021,,9/2/2021,160,0,0,160,0,0,After,New,net/xdp,net,,,,,
1202,Guilty Merge,Guilty Commit,none,Warning,amd64,4/30/2022,1/21/2022,1/21/2022,1/19/2022,99,0,0,99,0,0,After,New,arch/x86/kvm/vmx,arch,,,,,
1203,Guilty Merge,Guilty Commit,Kasan,Use-after-free,amd64,2/7/2022,2/6/2022,2/6/2022,2/3/2022,1,0,0,1,0,0,After,New,fs/jbd2,fs,,,,,
1204,Guilty Merge,Guilty Commit,Kmemleak,Memory Leak,amd64,1/22/2022,1/21/2022,1/21/2022,1/17/2022,1,0,0,1,0,0,After,New,arch/x86/kvm,arch,,,,,
1205,Guilty Merge,Guilty Commit,none,Warning,amd64,5/10/2022,1/27/2022,1/27/2022,1/24/2022,103,0,0,103,0,0,After,New,drivers/net/bonding,drivers,,,,,
1206,Guilty Merge,Guilty Commit,none,Warning,amd64,6/2/2022,5/20/2022,5/20/2022,5/20/2022,13,0,0,13,0,0,After,New,net/ipv4,net,,,,,
1207,Guilty Merge,Guilty Commit,none,GPF,amd64,8/26/2020,8/23/2020,8/23/2020,8/22/2020,3,0,0,3,0,0,After,New,net,net,,,,,
1208,Guilty Merge,Guilty Commit,none,GPF,i386,2/22/2021,9/28/2020,9/28/2020,9/24/2020,147,0,0,147,0,0,After,New,net/xfrm,net,,,,,
1209,Guilty Merge,Guilty Commit,none,Deadlock,i386,3/20/2021,3/4/2021,3/4/2021,3/2/2021,16,0,0,16,0,0,After,New,kernel/sched,kernel,,,,,
1210,Guilty Merge,Guilty Commit,none,GPF,amd64,10/7/2021,9/7/2021,9/7/2021,8/5/2021,30,0,0,30,0,0,After,New,fs/fuse,fs,,,,,
1211,Guilty Commit,Guilty Commit,none,Warning,i386,9/17/2021,8/2/2021,,8/2/2021,46,0,0,46,0,0,After,New,kernel,kernel,,,,,
1212,Guilty Merge,Guilty Commit,Kasan,Null-ptr-deref,amd64,9/1/2021,8/20/2021,8/20/2021,7/3/2021,12,0,0,12,0,0,After,New,drivers/base/power,drivers,,,,,
1213,Guilty Merge,Guilty Commit,none,Warning,amd64,10/22/2021,10/15/2021,10/15/2021,10/14/2021,7,0,0,7,0,0,After,New,drivers/spi,drivers,,,,,
1214,Guilty Merge,Guilty Commit,none,Warning,amd64,4/5/2021,8/6/2020,8/6/2020,8/5/2020,242,0,0,242,0,0,After,New,drivers/net/usb,drivers,,,,,
1215,Guilty Merge,Guilty Commit,Kasan,Use-after-free,amd64,8/18/2021,4/30/2021,4/30/2021,4/30/2021,110,0,0,110,0,0,After,New,kernel,kernel,,,,,
1216,Guilty Merge,Guilty Commit,Kmemleak,Memory Leak,amd64,6/28/2021,6/28/2021,6/28/2021,6/24/2021,0,0,0,0,0,0,After,New,virt/kvm,virt,,,,,
1217,Guilty Merge,Guilty Commit,Kmemleak,Memory Leak,amd64,6/17/2021,9/28/2020,9/28/2020,9/24/2020,262,0,0,262,0,0,After,New,net/xfrm,net,,,,,
1218,Guilty Merge,Guilty Commit,none,GPF,amd64,6/5/2021,6/5/2021,6/5/2021,6/3/2021,0,0,0,0,0,0,After,New,net/kcm,net,,,,,
1219,Guilty Merge,Guilty Commit,Kasan,Use-after-free,amd64,3/20/2021,2/21/2021,2/21/2021,1/24/2021,27,0,0,27,0,0,After,New,block,block,,,,,
1220,Guilty Merge,Guilty Commit,Kasan,Use-after-free,amd64,9/4/2021,8/31/2021,8/31/2021,8/23/2021,4,0,0,4,0,0,After,New,fs,fs,,,,,
1221,Guilty Merge,Guilty Commit,none,Deadlock,amd64,5/31/2021,4/28/2021,4/28/2021,4/8/2021,33,0,0,33,0,0,After,New,block,block,,,,,
1222,Guilty Merge,Guilty Commit,none,GPF,amd64,6/30/2021,6/30/2021,6/30/2021,6/11/2021,0,0,0,0,0,0,After,New,block,block,,,,,
1223,Guilty Merge,Guilty Commit,none,Warning,amd64,3/28/2021,3/28/2021,3/28/2021,3/26/2021,0,0,0,0,0,0,After,New,fs,fs,,,,,
1224,Guilty Merge,Guilty Commit,none,GPF,amd64,1/4/2021,12/15/2020,12/15/2020,11/24/2020,20,0,0,20,0,0,After,New,drivers/gpu/drm,drivers,,,,,
1225,Guilty Merge,Guilty Commit,Kmemleak,Memory Leak,amd64,12/17/2020,12/17/2020,12/17/2020,11/3/2020,0,0,0,0,0,0,After,New,fs/quota,fs,,,,,
1226,Guilty Merge,Guilty Commit,Kasan,Null-ptr-deref,amd64,2/10/2021,9/25/2020,9/25/2020,9/24/2020,138,0,0,138,0,0,After,New,net/sched,net,,,,,
1227,Guilty Merge,Guilty Commit,none,GPF,amd64,2/22/2021,2/21/2021,2/21/2021,2/9/2021,1,0,0,1,0,0,After,New,arch/x86/kvm,arch,,,,,
1228,Guilty Merge,Guilty Commit,none,Warning,amd64,2/11/2021,1/21/2021,1/21/2021,1/20/2021,21,0,0,21,0,0,After,New,lib,lib,,,,,
1229,Guilty Merge,Guilty Commit,none,Bug,amd64,11/6/2020,11/2/2020,11/2/2020,10/30/2020,4,0,0,4,0,0,After,New,net/mac80211,net,,,,,
1230,Guilty Merge,Guilty Commit,Kasan,Slab-Out-of-Bounds,i386,11/1/2020,9/28/2020,9/28/2020,9/24/2020,34,0,0,34,0,0,After,New,net/xfrm,net,,,,,
1231,Guilty Merge,Guilty Commit,Kasan,Null-ptr-deref,amd64,12/24/2020,12/16/2020,12/16/2020,12/1/2020,8,0,0,8,0,0,After,New,mm,mm,,,,,
1232,Guilty Merge,Guilty Commit,none,Warning,amd64,12/15/2020,12/12/2020,12/12/2020,12/11/2020,3,0,0,3,0,0,After,New,net/wireless,net,,,,,
1233,Guilty Merge,Guilty Commit,Kasan,Slab-Out-of-Bounds,amd64,1/24/2021,1/21/2021,1/21/2021,1/19/2021,3,0,0,3,0,0,After,New,kernel/printk,kernel,,,,,
1234,Guilty Merge,Guilty Commit,none,Bug,amd64,11/11/2020,11/2/2020,11/2/2020,10/30/2020,9,0,0,9,0,0,After,New,net/mac80211,net,,,,,
1235,Guilty Merge,Guilty Commit,none,Bug,amd64,12/16/2020,12/1/2020,12/1/2020,12/1/2020,15,0,0,15,0,0,After,New,net/smc,net,,,,,
1236,Guilty Merge,Guilty Commit,Kasan,Null-ptr-deref,amd64,12/16/2020,12/15/2020,12/15/2020,12/4/2020,1,0,0,1,0,0,After,New,fs,fs,,,,,
1237,Guilty Commit,Guilty Commit,Kasan,Global-out-of-bounds,amd64,11/27/2019,10/24/2019,,10/24/2019,34,0,0,34,0,0,After,New,drivers/media/common/v4l2-tpg,drivers,,,,,
1238,Guilty Merge,Guilty Commit,Kmemleak,Memory Leak,amd64,10/20/2020,9/1/2020,9/1/2020,8/31/2020,49,0,0,49,0,0,After,New,net/xdp,net,,,,,
1239,Guilty Merge,Guilty Commit,none,Warning,amd64,8/24/2020,6/29/2020,6/29/2020,6/29/2020,56,0,0,56,0,0,After,New,net/sched,net,,,,,
1240,Guilty Merge,Guilty Commit,none,GPF,i386,8/30/2020,8/23/2020,8/23/2020,8/22/2020,7,0,0,7,0,0,After,New,sound/core,sound,,,,,
1241,Guilty Merge,Guilty Commit,none,Bug,amd64,8/11/2020,8/7/2020,8/7/2020,8/7/2020,4,0,0,4,0,0,After,New,mm,mm,,,,,
1242,Guilty Merge,Guilty Commit,Kmemleak,Memory Leak,amd64,8/8/2020,7/8/2020,7/8/2020,7/4/2020,31,0,0,31,0,0,After,New,net/netfilter,net,,,,,
1243,Guilty Merge,Guilty Commit,none,Warning,i386,8/12/2020,7/20/2020,7/20/2020,7/19/2020,23,0,0,23,0,0,After,New,include/linux,include,,,,,
1244,Guilty Merge,Guilty Commit,none,GPF,i386,6/5/2020,6/3/2020,6/3/2020,6/1/2020,2,0,0,2,0,0,After,New,arch/x86/kvm,arch,,,,,
1245,Guilty Commit,Guilty Commit,none,Bug,i386,7/27/2019,6/27/2019,,6/27/2019,30,0,0,30,0,0,After,New,net/core,net,,,,,
1246,Guilty Merge,Guilty Commit,Kmemleak,Memory Leak,amd64,6/5/2020,6/1/2020,6/1/2020,5/27/2020,4,0,0,4,0,0,After,New,net/netfilter,net,,,,,
1247,Guilty Merge,Guilty Commit,Kmemleak,Memory Leak,amd64,6/2/2020,6/1/2020,6/1/2020,4/24/2020,1,0,0,1,0,0,After,New,crypto,crypto,,,,,
1248,Guilty Merge,Guilty Commit,none,Warning,i386,5/8/2020,5/8/2020,5/8/2020,5/5/2020,0,0,0,0,0,0,After,New,arch/x86/mm/pat,arch,,,,,
1249,Guilty Merge,Guilty Commit,Kmemleak,Memory Leak,amd64,6/5/2020,6/1/2020,6/1/2020,5/27/2020,4,0,0,4,0,0,After,New,net/netfilter,net,,,,,
1250,Guilty Merge,Guilty Commit,none,Bug,amd64,4/26/2020,4/26/2020,4/26/2020,4/23/2020,0,0,0,0,0,0,After,New,arch/x86/mm,arch,,,,,
1251,Guilty Merge,Guilty Commit,Kasan,Use-after-free,amd64,5/2/2020,5/2/2020,5/2/2020,4/28/2020,0,0,0,0,0,0,After,New,net/sunrpc,net,,,,,
1252,Guilty Merge,Guilty Commit,Kasan,Slab-Out-of-Bounds,amd64,5/10/2020,5/7/2020,5/7/2020,5/7/2020,3,0,0,3,0,0,After,New,net/ipv6,net,,,,,
1253,Guilty Merge,Guilty Commit,none,Warning,amd64,4/14/2020,4/2/2020,4/2/2020,4/2/2020,12,0,0,12,0,0,After,New,mm,mm,,,,,
1254,Guilty Merge,Guilty Commit,Kasan,Invalid-free,i386,4/2/2020,3/31/2020,3/31/2020,3/19/2020,2,0,0,2,0,0,After,New,net/netfilter,net,,,,,
1255,Guilty Merge,Guilty Commit,none,Warning,amd64,4/8/2020,4/2/2020,4/2/2020,4/2/2020,6,0,0,6,0,0,After,New,net/mptcp,net,,,,,
1256,Guilty Merge,Guilty Commit,none,Warning,amd64,4/6/2020,4/2/2020,4/2/2020,4/2/2020,4,0,0,4,0,0,After,New,mm,mm,,,,,
1257,Guilty Merge,Guilty Commit,none,Info,amd64,3/31/2020,3/30/2020,3/30/2020,3/2/2020,1,0,0,1,0,0,After,New,fs,fs,,,,,
1258,Guilty Merge,Guilty Commit,none,Warning,i386,4/7/2020,4/2/2020,4/2/2020,4/2/2020,5,0,0,5,0,0,After,New,crypto,crypto,,,,,
1259,Guilty Merge,Guilty Commit,none,Warning,amd64,2/22/2020,2/18/2020,2/18/2020,2/7/2020,4,0,0,4,0,0,After,New,net/netfilter,net,,,,,
1260,Guilty Merge,Guilty Commit,Kmemleak,Memory Leak,amd64,7/20/2019,6/21/2019,6/21/2019,6/14/2019,29,0,0,29,0,0,After,New,drivers/dma-buf,drivers,,,,,
1261,Guilty Merge,Guilty Commit,none,Deadlock,amd64,1/28/2020,1/27/2020,1/27/2020,12/9/2019,1,0,0,1,0,0,After,New,security/selinux/ss,security,,,,,
1262,Guilty Merge,Guilty Commit,Kmemleak,Memory Leak,amd64,2/12/2020,2/8/2020,2/8/2020,1/15/2020,4,0,0,4,0,0,After,New,fs/nfs,fs,,,,,
1263,Guilty Merge,Guilty Commit,none,Bug,amd64,12/3/2019,12/2/2019,12/2/2019,12/1/2019,1,0,0,1,0,0,After,New,drivers/staging/android/ion,drivers,,,,,
1264,Guilty Merge,Guilty Commit,none,GPF,amd64,12/1/2019,11/28/2019,11/28/2019,11/25/2019,3,0,0,3,0,0,After,New,kernel,kernel,,,,,
1265,Guilty Merge,Guilty Commit,Kmemleak,Memory Leak,amd64,11/2/2019,11/1/2019,11/1/2019,10/29/2019,1,0,0,1,0,0,After,New,net/smc,net,,,,,
1266,Guilty Merge,Guilty Commit,none,Warning,amd64,11/2/2019,11/1/2019,11/1/2019,10/31/2019,1,0,0,1,0,0,After,New,virt/kvm,virt,,,,,
1267,Guilty Merge,Guilty Commit,Kmemleak,Memory Leak,amd64,7/9/2019,7/8/2019,7/8/2019,6/26/2019,1,0,0,1,0,0,After,New,net/core,net,,,,,
1268,Guilty Commit,Guilty Commit,none,Info,amd64,10/6/2019,8/20/2019,,8/20/2019,47,0,0,47,0,0,After,New,drivers/block,drivers,,,,,
1269,Guilty Merge,Guilty Commit,none,Bug,i386,9/16/2019,9/14/2019,9/14/2019,9/11/2019,2,0,0,2,0,0,After,New,net/rds,net,,,,,
1270,Guilty Merge,Guilty Commit,none,Warning,amd64,8/2/2019,8/2/2019,8/2/2019,7/30/2019,0,0,0,0,0,0,After,New,fs,fs,,,,,
1271,Guilty Merge,Guilty Commit,none,GPF,i386,8/21/2018,8/19/2018,8/19/2018,8/6/2018,2,0,0,2,0,0,After,New,kernel/sched,kernel,,,,,
1272,Guilty Merge,Guilty Commit,Kmemleak,Memory Leak,amd64,5/31/2019,5/23/2019,5/23/2019,5/21/2019,8,0,0,8,0,0,After,New,net/netfilter,net,,,,,
1273,Guilty Merge,Guilty Commit,Kmemleak,Memory Leak,amd64,6/5/2019,5/31/2019,5/31/2019,5/30/2019,5,0,0,5,0,0,After,New,net/ipv6,net,,,,,
1274,Guilty Merge,Guilty Commit,Kasan,Use-after-free,amd64,6/2/2019,6/2/2019,6/2/2019,5/29/2019,0,0,0,0,0,0,After,New,block,block,,,,,
1275,Guilty Merge,Guilty Commit,Kasan,Slab-Out-of-Bounds,amd64,5/20/2019,5/20/2019,5/20/2019,5/16/2019,0,0,0,0,0,0,After,New,lib,lib,,,,,
1276,Guilty Merge,Guilty Commit,none,Bug,amd64,5/20/2019,5/20/2019,5/20/2019,5/16/2019,0,0,0,0,0,0,After,New,lib,lib,,,,,
1277,Guilty Merge,Guilty Commit,none,Info,i386,5/20/2019,5/20/2019,5/20/2019,5/16/2019,0,0,0,0,0,0,After,New,lib,lib,,,,,
1278,Guilty Merge,Guilty Commit,Kasan,Stack-out-of-bounds,amd64,4/19/2019,4/17/2019,4/17/2019,4/12/2019,2,0,0,2,0,0,After,New,kernel,kernel,,,,,
1280,Guilty Merge,Guilty Commit,none,Warning,i386,4/20/2019,4/20/2019,4/20/2019,4/15/2019,0,0,0,0,0,0,After,New,lib,lib,,,,,
1281,Guilty Merge,Guilty Commit,none,Warning,amd64,3/10/2019,3/7/2019,3/7/2019,2/7/2019,3,0,0,3,0,0,After,New,fs/notify/fanotify,fs,,,,,
1282,Guilty Merge,Guilty Commit,none,Bug,amd64,3/6/2019,3/6/2019,3/6/2019,2/28/2019,0,0,0,0,0,0,After,New,kernel/locking,kernel,,,,,
1283,Guilty Merge,Guilty Commit,Kasan,Use-after-free,amd64,1/5/2019,12/18/2018,12/18/2018,11/9/2018,18,0,0,18,0,0,After,New,net/xfrm,net,,,,,
1284,Guilty Merge,Guilty Commit,Kasan,Global-out-of-bounds,amd64,1/23/2019,12/19/2018,12/19/2018,11/19/2018,35,0,0,35,0,0,After,New,lib,lib,,,,,
1285,Guilty Merge,Guilty Commit,Kasan,Use-after-free,i386,1/10/2019,12/12/2018,12/12/2018,12/11/2018,29,0,0,29,0,0,After,New,kernel,kernel,,,,,
1286,Guilty Merge,Guilty Commit,none,Warning,amd64,11/15/2018,10/31/2018,10/31/2018,10/1/2018,15,0,0,15,0,0,After,New,fs/fuse,fs,,,,,
1287,Guilty Merge,Guilty Commit,none,Warning,i386,11/14/2018,11/6/2018,11/6/2018,11/3/2018,8,0,0,8,0,0,After,New,net/netfilter,net,,,,,
1288,Guilty Merge,Guilty Commit,none,Warning,amd64,10/11/2018,9/25/2018,9/25/2018,9/20/2018,16,0,0,16,0,0,After,New,drivers/usb/core,drivers,,,,,
1289,Guilty Merge,Guilty Commit,none,Warning,amd64,8/18/2018,8/17/2018,8/17/2018,6/27/2018,1,0,0,1,0,0,After,New,fs/notify,fs,,,,,
1290,Guilty Merge,Guilty Commit,Kasan,Slab-Out-of-Bounds,amd64,4/10/2018,4/10/2018,4/10/2018,3/14/2018,0,0,0,0,0,0,After,New,kernel/trace,kernel,,,,,
1291,Guilty Merge,Guilty Commit,Kasan,Slab-Out-of-Bounds,amd64,6/7/2018,6/6/2018,6/6/2018,5/11/2018,1,0,0,1,0,0,After,New,crypto,crypto,,,,,
1292,Guilty Merge,Guilty Commit,Kasan,Slab-Out-of-Bounds,amd64,6/13/2018,6/5/2018,6/5/2018,5/19/2018,8,0,0,8,0,0,After,New,crypto,crypto,,,,,
1293,Guilty Merge,Guilty Commit,Kasan,Slab-Out-of-Bounds,i386,6/8/2018,6/6/2018,6/6/2018,5/11/2018,2,0,0,2,0,0,After,New,crypto,crypto,,,,,
1294,Guilty Merge,Guilty Commit,Kasan,Slab-Out-of-Bounds,i386,6/8/2018,6/6/2018,6/6/2018,5/11/2018,2,0,0,2,0,0,After,New,crypto,crypto,,,,,
1295,Guilty Merge,Guilty Commit,Kasan,Slab-Out-of-Bounds,amd64,6/8/2018,6/6/2018,6/6/2018,5/11/2018,2,0,0,2,0,0,After,New,crypto,crypto,,,,,
1296,Guilty Merge,Guilty Commit,none,Bug,amd64,6/23/2018,6/15/2018,6/15/2018,6/15/2018,8,0,0,8,0,0,After,New,arch/x86/net,arch,,,,,
1297,Guilty Merge,Guilty Commit,Kasan,Slab-Out-of-Bounds,i386,6/7/2018,6/6/2018,6/6/2018,5/11/2018,1,0,0,1,0,0,After,New,arch/x86/crypto,arch,,,,,
1298,Guilty Merge,Guilty Commit,Kasan,Slab-Out-of-Bounds,i386,6/7/2018,6/6/2018,6/6/2018,5/11/2018,1,0,0,1,0,0,After,New,crypto,crypto,,,,,
1299,Guilty Merge,Guilty Commit,Kasan,Slab-Out-of-Bounds,amd64,6/7/2018,6/6/2018,6/6/2018,5/11/2018,1,0,0,1,0,0,After,New,crypto,crypto,,,,,
1300,Guilty Commit,Guilty Commit,none,GPF,amd64,2/20/2018,1/26/2018,1/26/2018,1/26/2018,25,0,0,25,0,0,After,New,net,net,,,,,
1301,Guilty Merge,Guilty Commit,Kasan,Slab-Out-of-Bounds,amd64,4/20/2018,4/20/2018,4/20/2018,4/12/2018,0,0,0,0,0,0,After,New,net/sctp,net,,,,,
1302,Guilty Merge,Guilty Commit,Kasan,Stack-out-of-bounds,amd64,1/18/2018,1/16/2018,1/16/2018,1/15/2018,2,0,0,2,0,0,After,New,lib,lib,,,,,
1308,Merge Commit,Kernel Reveal,none,warning,amd64,8/16/2022,3/30/2020,11/14/2012,10/29/2012,869,2693,982,1851,0.5305,1,Before,Old,drivers/usb/core,drivers,,,,,
1347,Merge Commit,Kernel Reveal,none,warning,amd64,6/7/2021,3/30/2020,,2/5/2013,434,2610,982,1416,0.6935,1,Before,Old,drivers/usb/core,drivers,,,,,
1370,Template,Template,none,warning,amd64,7/30/2023,4/3/2023,1/3/2017,1/2/2017,118,2281,2081,2199,0.9463,1,Before,Old,net/rds,net,,,,,
1378,Syzkaller Commit,Syzkaller Commit,Kmemleak,Memory Leak,amd64,5/30/2019,12/29/2018,,4/16/2005,152,5005,525,677,0.7755,1,Before,Old,drivers/net/ppp,drivers,,,,,
1381,Template,Template,none,deadlock,amd64,5/17/2022,4/22/2021,,2/26/2009,390,4438,1370,1760,0.7784,1,Before,Old,net/rds,net,,,,,
1389,Blocking Bug,Blocking Bug,none,warning,amd64,9/26/2023,8/11/2022,5/27/2021,5/24/2021,411,441,441,852,0.5176,1,After,Old,net/netfilter,net,,,,,
1402,Guilty Merge,Guilty Commit,none,deadlock,amd64,10/20/2023,10/17/2023,10/17/2023,10/11/2023,3,0,0,3,0,0,After,New,net/bluetooth,net,,,,,
1410,Guilty Merge,Guilty Commit,none,warning,amd64,12/14/2023,6/22/2023,6/22/2023,6/21/2023,175,0,0,175,0,0,After,New,net/mptcp,net,,,,,
1412,Blocking Bug,Blocking Bug,none,deadlock,amd64,3/17/2022,6/26/2020,6/13/2020,5/19/2020,629,13,13,642,0.0202,1,After,Old,fs,fs,,,,,
1415,Template,Template,none,warning,amd64,12/9/2023,11/11/2023,,10/18/2023,28,24,24,52,0.4615,1,After,New,virt/kvm,virt,,,,,
1422,Merge Commit,Kernel Reveal,none,GPF,amd64,12/11/2023,12/23/2021,6/3/2016,6/3/2016,718,2029,1615,2333,0.6922,1,Before,Old,net/core,net,,,,,
1423,Syzkaller Commit,Syzkaller Commit,none,warning,amd64,6/27/2023,9/22/2021,1/9/2018,1/4/2018,643,1352,1352,1995,0.6777,1,After,Old,net/ipv6,net,,,,,
1426,Merge Commit,Kernel Reveal,none,warning,amd64,6/28/2023,2/16/2023,8/26/2022,8/25/2022,132,174,174,306,0.5686,1,After,New,net/mac80211,net,,,,,
1427,Guilty Merge,Guilty Commit,none,GPF,amd64,10/23/2023,10/19/2023,10/19/2023,10/13/2023,4,0,0,4,0,0,After,New,net/dccp,net,,,,,
1428,Blocking Bug,Blocking Bug,none,GPF,amd64,7/1/2023,6/30/2023,6/28/2023,5/23/2023,1,2,2,3,0.6667,1,After,New,fs,fs,,,,,
1435,Guilty Merge,Guilty Commit,Kmemleak,Memory Leak,amd64,11/8/2023,11/7/2023,11/7/2023,10/31/2023,1,0,0,1,0,0,After,New,fs/overlayfs,fs,,,,,
1437,Guilty Merge,Guilty Commit,none,warning,amd64,11/3/2023,11/1/2023,11/1/2023,9/22/2023,2,0,0,2,0,0,After,New,block,block,,,,,
1438,Merge Commit,Kernel Reveal,Kasan,use-after-free,amd64,11/12/2023,11/10/2023,,8/13/2021,2,819,819,821,0.9976,1,After,Old,net/unix,net,,,,,
1440,Guilty Merge,Guilty Commit,none,GPF,amd64,11/2/2023,10/15/2023,10/15/2023,10/15/2023,18,0,0,18,0,0,After,New,drivers/ptp,drivers,,,,,
1443,Merge Commit,Kernel Reveal,none,warning,amd64,11/21/2023,11/3/2023,11/2/2023,10/31/2023,18,1,1,19,0.0526,1,After,New,fs/ext4,fs,,,,,
1446,Template,Template,Kasan,use-after-free,amd64,11/5/2019,11/2/2019,9/5/2019,9/4/2019,3,58,58,61,0.9508,1,After,New,net/can/j1939,net,,,,,
1447,Guilty Merge,Guilty Commit,Kasan,Stack-out-of-bounds,amd64,11/1/2023,10/27/2023,10/27/2023,10/27/2023,5,0,0,5,0,0,After,New,include/net,include,,,,,
1451,Syzkaller Commit,Syzkaller Commit,none,GPF,amd64,8/10/2021,4/21/2021,5/22/2020,5/21/2020,111,334,334,445,0.7506,1,After,Old,crypto,crypto,,,,,
1454,Guilty Merge,Guilty Commit,none,GPF,amd64,9/2/2023,9/1/2023,9/1/2023,8/22/2023,1,0,0,1,0,0,After,New,drivers/usb/core,drivers,,,,,
1455,Guilty Merge,Guilty Commit,Kasan,Slab-Out-of-Bounds,amd64,10/6/2023,10/1/2023,10/1/2023,9/20/2023,5,0,0,5,0,0,After,New,net/bluetooth,net,,,,,
1459,Guilty Merge,Guilty Commit,none,GPF,amd64,9/4/2023,9/1/2023,9/1/2023,8/22/2023,3,0,0,3,0,0,After,New,drivers/input/serio,drivers,,,,,
1464,Blocking Bug,Blocking Bug,none,warning,amd64,2/25/2023,2/16/2023,12/12/2022,12/12/2022,9,66,66,75,0.88,1,After,New,net/core,net,,,,,
1465,Merge Commit,Kernel Reveal,none,warning,amd64,9/6/2023,8/29/2023,,5/1/2012,8,4137,2229,2237,0.9964,1,Before,Old,net/ipv6,net,,,,,
1466,Blocking Bug,Blocking Bug,none,Bug,amd64,11/2/2023,10/19/2023,10/15/2023,10/15/2023,14,4,4,18,0.2222,1,After,New,drivers/ptp,drivers,,,,,
1467,Guilty Merge,Guilty Commit,none,GPF,amd64,9/3/2023,9/1/2023,9/1/2023,8/22/2023,2,0,0,2,0,0,After,New,net/nfc,net,,,,,
1468,Guilty Merge,Guilty Commit,none,deadlock,amd64,10/5/2023,10/4/2023,10/4/2023,9/18/2023,1,0,0,1,0,0,After,New,net/rfkill,net,,,,,
1469,Guilty Merge,Guilty Commit,none,GPF,amd64,9/11/2023,9/1/2023,9/1/2023,8/22/2023,10,0,0,10,0,0,After,New,net/ieee802154,net,,,,,
1472,Blocking Bug,Blocking Bug,none,GPF,amd64,9/3/2023,9/1/2023,9/1/2023,8/22/2023,2,0,0,2,0,0,After,New,net/bluetooth,net,,,,,
1476,Guilty Merge,Guilty Commit,none,Bug,amd64,9/3/2023,8/13/2023,8/13/2023,8/11/2023,21,0,0,21,0,0,After,New,net/bluetooth,net,,,,,
1481,Merge Commit,Kernel Reveal,Ubsan,shift-out-of-bounds,amd64,4/19/2023,2/22/2023,,9/20/2011,56,4173,2041,2097,0.9733,1,Before,Old,net/nfc/nci,net,,,,,
1482,Guilty Merge,Guilty Commit,none,warning,amd64,9/20/2023,9/13/2023,9/13/2023,9/13/2023,7,0,0,7,0,0,After,New,net/ipv4,net,,,,,
1488,Merge Commit,Kernel Reveal,none,Info,amd64,8/29/2023,8/28/2023,1/23/2020,1/23/2020,1,1313,1313,1314,0.9992,1,After,Old,fs,fs,,,,,
1504,Guilty Merge,Guilty Commit,none,Info,amd64,6/30/2023,5/24/2023,5/24/2023,5/23/2023,37,0,0,37,0,0,After,New,fs,fs,,,,,
1510,Syzkaller Commit,Syzkaller Commit,Kasan,use-after-free,amd64,10/28/2022,6/3/2022,4/30/2022,4/15/2022,147,34,34,181,0.1878,1,After,New,drivers/tty,drivers,,,,,
1511,Template,Template,none,warning,amd64,3/14/2023,4/27/2022,1/16/2021,1/8/2021,321,466,466,787,0.5921,1,After,Old,net/core,net,,,,,
1518,Guilty Merge,Guilty Commit,Kasan,use-after-free,amd64,8/29/2023,8/28/2023,8/28/2023,8/21/2023,1,0,0,1,0,0,After,New,fs/afs,fs,,,,,
1522,Guilty Merge,Guilty Commit,Kmemleak,Memory Leak,amd64,7/12/2023,5/23/2023,5/23/2023,5/23/2023,50,0,0,50,0,0,After,New,sound/core/seq,sound,,,,,
1525,Blocking Bug,Blocking Bug,Kmemleak,Memory Leak,amd64,7/8/2023,4/19/2020,,8/20/2010,1175,3530,1002,2177,0.4603,1,Before,Old,drivers/staging/rtl8712,drivers,,,,,
1528,Blocking Bug,Blocking Bug,Kmemleak,Memory Leak,amd64,2/20/2023,6/2/2022,3/29/2010,3/23/2010,263,4448,1776,2039,0.871,1,Before,Old,drivers/net/wireless/ath/ath9k,drivers,,,,,
1533,Blocking Bug,Blocking Bug,none,Info,amd64,5/30/2021,5/15/2020,3/29/2010,3/23/2010,380,3700,1028,1408,0.7301,1,Before,Old,net/core,net,,,,,
1536,Blocking Bug,Blocking Bug,none,GPF,amd64,10/27/2022,10/16/2022,3/29/2010,3/23/2010,11,4584,1912,1923,0.9943,1,Before,Old,include/linux,include,,,,,
1538,Syzkaller Commit,Syzkaller Commit,Kasan,use-after-free,amd64,11/5/2019,11/3/2019,9/5/2019,9/4/2019,2,59,59,61,0.9672,1,After,New,net/can/j1939,net,,,,,
1545,Syzkaller Commit,Syzkaller Commit,none,Bug,amd64,2/10/2022,4/21/2021,,2/14/2016,295,1893,1369,1664,0.8227,1,Before,Old,mm,mm,,,,,
1546,Guilty Merge,Guilty Commit,Kmemleak,Memory Leak,amd64,4/29/2023,4/27/2023,4/27/2023,3/29/2023,2,0,0,2,0,0,After,New,drivers/base,drivers,,,,,
1549,Guilty Merge,Guilty Commit,Kasan,use-after-free,amd64,5/1/2023,4/24/2023,4/24/2023,4/23/2023,7,0,0,7,0,0,After,New,net/bluetooth,net,,,,,
1550,Blocking Bug,Blocking Bug,none,Bug,amd64,5/1/2023,12/12/2022,,2/14/2016,140,2493,1969,2109,0.9336,1,Before,Old,mm,mm,,,,,
1556,Guilty Merge,Guilty Commit,none,deadlock,amd64,2/28/2023,2/28/2023,2/28/2023,2/25/2023,0,0,0,0,0,0,After,New,fs/jbd2,fs,,,,,
1560,Guilty Merge,Guilty Commit,none,GPF,amd64,2/27/2023,2/21/2023,2/21/2023,2/18/2023,6,0,0,6,0,0,After,New,net/can/j1939,net,,,,,
1567,Merge Commit,Kernel Reveal,Kasan,use-after-free,amd64,4/7/2022,3/24/2022,,12/5/2011,14,3762,1706,1720,0.9919,1,Before,Old,net/caif,net,,,,,
1575,Merge Commit,Kernel Reveal,none,warning,amd64,2/25/2023,8/12/2022,12/16/2015,12/15/2015,197,2431,1847,2044,0.9036,1,Before,Old,include/linux,include,,,,,
1577,Merge Commit,Kernel Reveal,Kasan,vmalloc-out-of-bounds,amd64,2/17/2023,8/25/2022,4/6/2014,4/5/2014,176,3063,1860,2036,0.9136,1,Before,Old,net/bridge/netfilter,net,,,,,
1579,Merge Commit,Kernel Reveal,none,warning,amd64,10/22/2022,10/21/2022,5/13/2022,4/28/2022,1,161,161,162,0.9938,1,After,New,mm,mm,,,,,
1580,Template,Template,Kasan,use-after-free,amd64,4/4/2023,4/3/2023,,9/26/2022,1,189,189,190,0.9947,1,After,New,lib,lib,,,,,
1581,Guilty Merge,Guilty Commit,none,warning,amd64,3/4/2023,3/3/2023,3/3/2023,2/17/2023,1,0,0,1,0,0,After,New,block,block,,,,,
1586,Guilty Merge,Guilty Commit,Kasan,use-after-free,amd64,2/26/2023,2/21/2023,2/21/2023,2/20/2023,5,0,0,5,0,0,After,New,net/sched,net,,,,,
1588,Guilty Commit,Guilty Commit,none,warning,amd64,2/7/2023,9/26/2022,,9/26/2022,134,0,0,134,0,0,After,New,lib,lib,,,,,
1590,Guilty Merge,Guilty Commit,none,Bug,amd64,3/3/2023,2/14/2023,2/14/2023,1/19/2023,17,0,0,17,0,0,After,New,drivers/tty/vt,drivers,,,,,
1595,Merge Commit,Kernel Reveal,none,warning,amd64,12/18/2022,12/13/2022,2/5/2015,2/4/2015,5,2868,1970,1975,0.9975,1,Before,Old,lib,lib,,,,,
1598,Blocking Bug,Blocking Bug,Kmemleak,Memory Leak,amd64,11/9/2020,6/7/2020,3/29/2010,3/23/2010,155,3723,1051,1206,0.8715,1,Before,Old,drivers/net/wireless/ath/ath9k,drivers,,,,,
1601,Syzkaller Commit,Syzkaller Commit,none,warning,amd64,4/11/2021,4/19/2020,2/15/2013,11/27/2012,357,2620,1002,1359,0.7373,1,Before,Old,drivers/net/wireless/ath/ath6kl,drivers,,,,,
1602,Guilty Merge,Guilty Commit,Kasan,null-ptr-deref,amd64,2/22/2023,2/21/2023,2/21/2023,2/20/2023,1,0,0,1,0,0,After,New,net/sched,net,,,,,
1605,Kernel Commit,Kernel Reveal,none,warning,amd64,2/24/2023,10/3/2022,,9/26/2022,144,7,7,151,0.0464,1,After,New,lib,lib,,,,,
1607,Kernel Commit,Kernel Reveal,Kasan,Invalid-free,amd64,2/22/2023,2/20/2023,2/7/2023,2/7/2023,2,13,13,15,0.8667,1,After,New,net/core,net,,,,,
1612,Guilty Commit,Guilty Commit,none,warning,amd64,9/30/2022,5/13/2022,,5/13/2022,140,0,0,140,0,0,After,New,include/linux,include,,,,,
1614,Syzkaller Commit,Syzkaller Commit,none,GPF,amd64,12/11/2022,4/21/2021,,4/16/2005,599,5849,1369,1968,0.6956,1,Before,Old,net/sched,net,,,,,
1616,Syzkaller Commit,Syzkaller Commit,none,Bug,amd64,1/26/2022,12/10/2021,8/6/2016,8/2/2016,47,1952,1602,1649,0.9715,1,Before,Old,drivers/vhost,drivers,,,,,
1618,Guilty Merge,Guilty Commit,none,GPF,amd64,3/9/2022,8/20/2021,8/20/2021,7/23/2021,201,0,0,201,0,0,After,New,drivers/base/power,drivers,,,,,
1619,Guilty Merge,Guilty Commit,Kmemleak,Memory Leak,amd64,3/25/2022,3/11/2022,3/11/2022,3/10/2022,14,0,0,14,0,0,After,New,drivers/net/can/usb,drivers,,,,,
1621,Merge Commit,Kernel Reveal,Kasan,Invalid-free,amd64,10/5/2022,10/5/2022,,6/11/2015,0,2673,1901,1901,1,1,Before,Old,net/ipv4,net,,,,,
1623,Blocking Bug,Blocking Bug,Kasan,use-after-free,amd64,10/18/2022,10/16/2022,3/25/2022,3/24/2022,2,205,205,207,0.9903,1,After,New,mm,mm,,,,,
1628,Blocking Bug,Blocking Bug,Kasan,use-after-free,amd64,10/28/2021,10/21/2021,9/3/2021,9/3/2021,7,48,48,55,0.8727,1,After,New,mm,mm,,,,,
1634,Kernel Commit,Kernel Reveal,Kmemleak,Memory Leak,amd64,5/22/2019,5/10/2019,1/30/2019,1/27/2019,12,100,100,112,0.8929,1,After,New,net/netrom,net,,,,,
1635,Blocking Bug,Blocking Bug,Ubsan,shift-out-of-bounds,amd64,1/21/2021,6/17/2020,4/4/2020,3/5/2020,218,74,74,292,0.2534,1,After,New,fs/exfat,fs,,,,,
1636,Template,Template,Ubsan,shift-out-of-bounds,amd64,12/16/2020,12/22/2019,,4/16/2005,360,5363,883,1243,0.7104,1,Before,Old,net/sched,net,,,,,
1638,Merge Commit,Kernel Reveal,Ubsan,shift-out-of-bounds,amd64,12/19/2020,12/21/2019,12/5/2017,12/5/2017,364,746,746,1110,0.6721,1,After,Old,net/sched,net,,,,,
1639,Syzkaller Commit,Syzkaller Commit,Ubsan,shift-out-of-bounds,amd64,12/16/2020,12/19/2018,12/5/2017,12/5/2017,728,379,379,1107,0.3424,1,After,Old,net/sched,net,,,,,
1640,Syzkaller Commit,Syzkaller Commit,Ubsan,shift-out-of-bounds,amd64,12/16/2020,12/19/2018,12/5/2017,12/5/2017,728,379,379,1107,0.3424,1,After,Old,net/sched,net,,,,,
1643,Guilty Merge,Guilty Commit,Kmemleak,Memory Leak,amd64,8/9/2020,3/30/2020,3/30/2020,3/4/2020,132,0,0,132,0,0,After,New,kernel,kernel,,,,,
1645,Blocking Bug,Blocking Bug,none,Info,amd64,7/2/2019,9/6/2018,,4/17/2017,299,507,411,710,0.5789,1,Before,Old,block,block,,,,,
1647,Blocking Bug,Blocking Bug,none,warning,amd64,5/19/2018,4/13/2018,12/13/2006,12/12/2006,36,4139,265,301,0.8804,1,Before,Old,drivers/infiniband/core,drivers,,,,,
1648,Guilty Merge,Guilty Commit,Kasan,use-after-free,amd64,3/31/2020,3/30/2020,3/30/2020,3/21/2020,1,0,0,1,0,0,After,New,kernel/time,kernel,,,,,
1651,Template,Template,Kasan,use-after-free,amd64,4/3/2018,3/6/2018,12/13/2006,12/12/2006,28,4101,227,255,0.8902,1,Before,Old,drivers/infiniband/core,drivers,,,,,
1653,Template,Template,Kasan,use-after-free,amd64,3/29/2019,6/8/2018,12/13/2006,12/12/2006,294,4195,321,615,0.522,1,Before,Old,drivers/infiniband/core,drivers,,,,,
1655,Kernel Commit,Kernel Reveal,none,GPF,amd64,11/7/2018,4/13/2018,12/13/2006,12/12/2006,208,4139,265,473,0.5603,1,Before,Old,drivers/infiniband/core,drivers,,,,,
1656,Template,Template,none,Bug,amd64,3/25/2018,3/6/2018,12/13/2006,12/12/2006,19,4101,227,246,0.9228,1,Before,Old,drivers/infiniband/core,drivers,,,,,
1657,Merge Commit,Kernel Reveal,none,Bug,amd64,2/22/2020,2/3/2020,12/28/2019,12/27/2019,19,37,37,56,0.6607,1,After,New,net/ethtool,net,,,,,
1658,Merge Commit,Kernel Reveal,Kasan,Slab-Out-of-Bounds,amd64,2/24/2020,2/3/2020,12/28/2019,12/27/2019,21,37,37,58,0.6379,1,After,New,net/ethtool,net,,,,,
1659,Guilty Merge,Guilty Commit,none,Bug,amd64,2/7/2020,2/6/2020,2/6/2020,1/27/2020,1,0,0,1,0,0,After,New,mm,mm,,,,,
1661,Merge Commit,Kernel Reveal,none,panic,amd64,2/14/2020,2/3/2020,12/28/2019,12/27/2019,11,37,37,48,0.7708,1,After,New,net/ethtool,net,,,,,
1662,Guilty Merge,Guilty Commit,none,Bug,amd64,1/20/2020,1/17/2020,1/17/2020,1/16/2020,3,0,0,3,0,0,After,New,net/netfilter,net,,,,,
1664,Guilty Merge,Guilty Commit,Kasan,use-after-free,amd64,1/20/2020,1/17/2020,1/17/2020,1/16/2020,3,0,0,3,0,0,After,New,net/netfilter,net,,,,,
1665,Blocking Bug,Blocking Bug,Kasan,Slab-Out-of-Bounds,amd64,1/21/2020,7/11/2019,,5/10/2016,194,1157,719,913,0.7875,1,Before,Old,net/ipv4,net,,,,,
1666,Syzkaller Commit,Syzkaller Commit,Kasan,Slab-Out-of-Bounds,amd64,1/7/2020,1/3/2020,7/15/2007,7/14/2007,4,4555,895,899,0.9956,1,Before,Old,drivers/net,net,,,,,
1667,Syzkaller Commit,Syzkaller Commit,Kasan,use-after-free,amd64,1/7/2020,1/3/2020,7/15/2007,7/14/2007,4,4555,895,899,0.9956,1,Before,Old,drivers/net,net,,,,,
1668,Syzkaller Commit,Syzkaller Commit,none,Info,amd64,7/21/2018,6/30/2018,2/27/2010,1/7/2010,21,3045,343,364,0.9423,1,Before,Old,crypto,crypto,,,,,
1670,Guilty Merge,Guilty Commit,none,Bug,amd64,12/1/2019,11/30/2019,11/30/2019,10/31/2019,1,0,0,1,0,0,After,New,fs,fs,,,,,
1671,Kernel Commit,Kernel Reveal,Kasan,use-after-free,amd64,11/19/2019,11/17/2019,11/16/2019,11/13/2019,2,1,1,3,0.3333,1,After,New,drivers/net/slip,drivers,,,,,
1672,Guilty Merge,Guilty Commit,none,GPF,amd64,11/3/2019,11/1/2019,11/1/2019,10/25/2019,2,0,0,2,0,0,After,New,virt/kvm,virt,,,,,
1673,Kernel Commit,Kernel Reveal,none,warning,amd64,8/27/2019,5/10/2019,,7/7/2018,109,307,307,416,0.738,1,After,Old,include/net,include,,,,,
1674,Guilty Merge,Guilty Commit,none,Info,amd64,11/3/2019,11/1/2019,11/1/2019,10/25/2019,2,0,0,2,0,0,After,New,kernel/rcu,kernel,,,,,
1675,Guilty Merge,Guilty Commit,Kmemleak,Memory Leak,amd64,8/2/2019,6/17/2019,6/17/2019,6/11/2019,46,0,0,46,0,0,After,New,net/openvswitch,net,,,,,
1679,Merge Commit,Kernel Reveal,Kmemleak,Memory Leak,amd64,9/28/2019,9/24/2019,9/24/2019,9/18/2019,4,0,0,4,0,0,After,New,fs/gfs2,fs,,,,,
1683,Merge Commit,Kernel Reveal,Kasan,Slab-Out-of-Bounds,amd64,7/29/2018,6/10/2018,5/16/2018,5/15/2018,49,25,25,74,0.3378,1,After,New,kernel/bpf,kernel,,,,,
1686,Merge Commit,Kernel Reveal,none,warning,amd64,7/17/2019,7/16/2019,7/9/2019,7/1/2019,1,7,7,8,0.875,1,After,New,net/netrom,net,,,,,
1688,Merge Commit,Kernel Reveal,none,warning,amd64,7/17/2019,7/16/2019,7/9/2019,7/1/2019,1,7,7,8,0.875,1,After,New,net/netrom,net,,,,,
1693,Template,Template,none,warning,amd64,4/12/2019,4/12/2019,3/8/2019,2/28/2019,0,35,35,35,1,1,After,New,include/linux,include,,,,,
1694,Merge Commit,Kernel Reveal,none,GPF,amd64,2/26/2019,2/24/2019,2/17/2017,2/15/2017,2,737,582,584,0.9966,1,Before,Old,net/xfrm,net,,,,,
1696,Guilty Merge,Guilty Commit,none,warning,amd64,3/11/2019,3/10/2019,3/10/2019,3/9/2019,1,0,0,1,0,0,After,New,kernel/locking,kernel,,,,,
1698,Blocking Bug,Blocking Bug,Kasan,use-after-free,amd64,12/29/2018,7/18/2018,1/26/2018,1/26/2018,164,173,173,337,0.5134,1,After,New,net/smc,net,,,,,
1699,Blocking Bug,Blocking Bug,Kasan,use-after-free,amd64,7/30/2018,7/19/2018,1/26/2018,1/26/2018,11,174,174,185,0.9405,1,After,New,net,net,,,,,
1701,Template,Template,none,warning,amd64,1/3/2019,11/17/2018,,10/18/2018,47,30,30,77,0.3896,1,After,New,net/ipv4,net,,,,,
1706,Guilty Merge,Guilty Commit,none,GPF,amd64,8/2/2018,7/19/2018,7/19/2018,7/16/2018,14,0,0,14,0,0,After,New,net/smc,net,,,,,
1708,Guilty Merge,Guilty Commit,none,Bug,amd64,6/5/2018,6/4/2018,6/4/2018,5/26/2018,1,0,0,1,0,0,After,New,fs,fs,,,,,
1710,Guilty Merge,Guilty Commit,none,Bug,amd64,6/8/2018,6/4/2018,6/4/2018,5/26/2018,4,0,0,4,0,0,After,New,net,net,,,,,
