,SB,,Mk 1p,,Mk m1p,,Mk nm,,Mk,,,,,,,,,,,
Bug Number,Result,Runtime,Result,Runtime,Result,Runtime,Result,Runtime,Result,Runtime,Exclude,,Runtime,SB,Mk 1p,Mk m1p,Mk nm,Mk,,
2,BiC,4:19:55,NF,0:16:05,BiC,13:40:40,NF,0:16:05,BiC,13:40:40,0,,Overall Avg.,9:22:02,4:36:41,8:05:38,6:04:52,8:24:06,,12:00:00
3,BiC,4:13:36,BiC,5:59:48,BiC,7:39:56,BiC,6:11:33,BiC,14:24:32,0,,Overall Med.,5:47:00,4:08:00,6:07:31,5:34:35,6:27:16,,48:00:00
4,BiC,4:40:06,BiC,5:01:40,BiC,9:29:24,BiC,5:01:40,BiC,9:29:24,0,,Overall Std.,13:49:37,6:58:37,10:06:23,7:33:19,9:21:01,,
5,NF,0:10:25,NF,0:14:40,NF,0:52:53,NF,0:32:38,NF,1:12:38,1,,Cont. Avg.,14:39:09,8:26:42,11:24:17,9:29:55,10:46:59,,
6,BiC,3:38:50,BiC,4:39:57,BiC,9:38:37,BiC,4:39:57,BiC,9:38:37,0,,Cont. Med.,7:33:37,6:21:39,7:30:45,7:00:50,7:41:14,,
7,BiC,3:39:23,BiC,4:19:22,BiC,4:36:20,BiC,4:54:24,BiC,5:17:50,0,,Cont. Std.,15:38:47,7:52:02,10:46:19,7:57:42,9:44:40,,
61,Unknown,40:44:17,BiC,4:55:21,BiC,8:56:03,BiC,5:20:16,BiC,7:43:20,0,,Avg w/o T/O,8:22:45,7:16:54,9:07:03,8:31:40,8:56:54,,
62,NF,0:11:14,BiC,5:43:07,BiC,5:07:12,BiC,11:04:11,BiC,11:18:08,0,,Std. w/o T/O,6:20:51,3:59:12,5:48:22,5:08:04,5:14:43,,
65,DNF,48:00:00,Blocking Bug,5:31:24,Blocking Bug,12:05:09,Blocking Bug,5:31:24,Code Change,12:05:09,0,,% Under 12h,59.33%,64.00%,71.33%,69.33%,78.00%,,
66,BiC,8:01:09,BiC,8:33:35,BiC,7:30:41,BiC,16:04:54,BiC,8:26:02,0,,,,,,,,,
67,NF,0:22:31,NF,0:20:43,NF,1:00:43,NF,0:20:43,NF,1:00:43,1,,CPU Hours:,29975:03:28,14756:39:28,14374:48:03,19459:55:12,26885:12:16,,
69,NF,7:01:15,NF,0:09:58,NF,0:49:58,NF,0:09:58,NF,0:49:58,1,,Total:,90694:58:59,,,,,,
72,DNF,48:00:00,Blocking Bug,4:45:01,BiC,4:54:37,Blocking Bug,5:07:00,BiC,5:20:45,0,,,,,,,,,
75,BiC,3:13:32,Flakey,5:39:14,Flakey,11:57:13,Flakey,5:39:14,Flakey,9:00:27,0,,,,,,,,,
76,NF,7:09:57,NF,0:21:44,NF,1:08:44,NF,0:31:19,NF,1:11:19,1,,,,,,,,,
78,BiC,15:08:55,Unstable,6:37:22,Unstable,7:17:22,Unstable,6:37:22,BiC,7:42:24,0,,,,,,,,,
79,NF,0:12:44,Code Change,6:06:29,Code Change,13:35:01,Code Change,6:31:40,Code Change,12:25:22,0,,,,,,,,,
80,Wrong Bug,8:25:35,NF,0:20:05,BiC,6:39:38,NF,0:31:30,BiC,7:24:16,0,,,,,,,,,
82,Wrong Bug,7:24:34,BiC,5:34:09,BiC,5:30:42,BiC,5:34:09,BiC,5:30:42,0,,,,,,,,,
85,DNF,48:00:00,DNF,48:00:00,DNF,48:00:00,DNF,48:00:00,DNF,48:00:00,0,,,,,,,,,
86,Code Change,13:24:22,Unstable,5:31:25,Code Change,6:29:11,Unstable,5:31:25,Code Change,6:29:11,0,,,,,,,,,
87,NF,6:00:34,NF,0:22:14,NF,1:04:14,NF,2:18:15,NF,2:58:15,1,,,,,,,,,
88,NF,0:21:56,NF,0:27:10,NF,1:07:10,NF,0:27:10,NF,1:07:10,1,,,,,,,,,
89,NF,0:22:29,NF,0:19:58,NF,0:59:58,NF,0:19:58,NF,0:59:58,1,,,,,,,,,
90,BiC,4:15:36,BiC,5:34:18,BiC,4:42:57,BiC,5:54:05,BiC,4:06:44,0,,,,,,,,,
93,BiC,6:12:14,BiC,6:31:12,BiC,6:13:25,BiC,7:14:31,BiC,6:36:20,0,,,,,,,,,
95,Wrong Bug,3:30:30,NF,0:15:25,NF,0:58:06,NF,1:03:16,NF,1:43:16,0,,,,,,,,,
96,Wrong Bug,4:32:45,Code Change,5:35:10,DNF,48:00:00,Code Change,6:46:06,Code Change,6:16:02,0,,,,,,,,,
97,Code Change,7:26:23,Flakey,7:39:46,Code Change,16:40:53,Flakey,7:39:46,Code Change,16:40:53,0,,,,,,,,,
100,NF,0:23:31,NF,0:23:45,NF,1:07:35,NF,2:52:04,NF,3:32:04,1,,,,,,,,,
101,Wrong Bug,6:42:53,NF,0:17:52,BiC,6:35:44,NF,0:40:03,BiC,7:22:26,0,,,,,,,,,
103,Unstable,8:09:13,Unstable,5:28:52,Unstable,6:12:36,Unstable,5:47:22,Unstable,6:27:22,0,,,,,,,,,
104,Code Change,5:30:42,Code Change,6:30:07,Code Change,5:47:44,Code Change,17:46:38,Code Change,8:10:19,0,,,,,,,,,
108,BiC,8:06:55,BiC,5:24:56,BiC,31:28:14,BiC,5:24:56,BiC,31:28:14,0,,,,,,,,,
110,DNF,48:00:00,Code Change,4:31:26,BiC,4:46:22,Code Change,4:38:01,BiC,4:52:34,0,,,,,,,,,
111,Wrong Bug,7:35:07,Blocking Bug,5:58:52,Unstable,5:57:45,Blocking Bug,5:58:52,Unstable,5:57:45,0,,,,,,,,,
112,BiC,7:09:09,BiC,8:51:17,BiC,6:14:26,BiC,8:51:17,BiC,6:14:26,0,,,,,,,,,
113,NF,0:17:49,NF,0:21:58,NF,1:01:58,NF,0:21:58,NF,1:01:58,1,,,,,,,,,
114,NF,0:20:56,NF,0:22:21,NF,1:02:21,NF,0:22:21,NF,1:02:21,1,,,,,,,,,
115,Code Change,4:03:13,Code Change,5:24:39,Code Change,5:19:23,Code Change,5:48:09,BiC,8:36:23,0,,,,,,,,,
116,NF,0:21:40,NF,0:25:01,NF,1:09:56,Code Change,6:46:21,Code Change,5:48:05,0,,,,,,,,,
117,NF,0:24:50,NF,0:17:36,BiC,8:07:02,NF,0:29:30,BiC,12:07:43,0,,,,,,,,,
119,DNF,48:00:00,Unstable,6:16:45,Unstable,6:16:45,Unstable,6:37:04,Unstable,13:44:59,0,,,,,,,,,
122,NF,0:16:56,NF,0:23:47,NF,0:23:47,Blocking Bug,6:35:08,BiC,6:26:56,0,,,,,,,,,
123,Wrong Bug,12:36:27,NF,0:19:00,NF,0:19:00,BiC,6:55:33,BiC,7:53:21,0,,,,,,,,,
127,Wrong Bug,10:52:11,Blocking Bug,3:12:59,Blocking Bug,3:12:59,Blocking Bug,3:19:34,Blocking Bug,3:59:34,0,,,,,,,,,
129,NF,0:18:14,NF,0:26:13,NF,1:06:13,NF,0:26:13,NF,1:06:13,1,,,,,,,,,
130,BiC,4:44:51,BiC,5:15:20,BiC,6:33:21,BiC,5:15:20,BiC,6:33:21,0,,,,,,,,,
131,BiC,10:30:16,BiC,5:10:39,BiC,5:10:39,BiC,5:21:58,BiC,7:02:56,0,,,,,,,,,
132,BiC,6:21:39,BiC,6:57:52,BiC,9:48:30,BiC,7:40:09,BiC,5:53:59,0,,,,,,,,,
133,Wrong Bug,12:40:16,Code Change,6:21:39,BiC,5:57:17,Code Change,6:45:59,BiC,6:01:13,0,,,,,,,,,
135,BiC,9:29:13,BiC,6:20:08,BiC,8:38:28,BiC,6:20:08,BiC,8:38:28,0,,,,,,,,,
136,BiC,8:25:25,BiC,25:42:08,BiC,9:40:19,BiC,32:14:26,BiC,4:55:28,0,,,,,,,,,
137,NF,0:20:27,NF,0:24:00,BiC,20:19:33,Unstable,8:11:55,BiC,10:23:19,0,,,,,,,,,
138,NF,0:37:34,NF,0:37:01,NF,1:14:05,BiC,9:09:07,BiC,5:03:20,0,,,,,,,,,
139,BiC,7:40:38,BiC,6:28:20,BiC,7:36:15,BiC,6:28:20,BiC,7:36:15,0,,,,,,,,,
142,NF,0:28:29,NF,0:23:45,Flakey,14:26:21,Flakey,9:05:46,Code Change,13:53:10,0,,,,,,,,,
144,BiC,3:17:47,Code Change,4:53:44,Code Change,6:59:33,Code Change,4:53:44,Code Change,6:59:33,0,,,,,,,,,
148,Code Change,5:38:37,Code Change,4:41:14,Code Change,5:14:53,Code Change,5:57:06,Code Change,37:13:12,0,,,,,,,,,
150,NF,0:17:03,NF,0:28:29,NF,1:12:44,NF,1:42:21,NF,2:22:21,1,,,,,,,,,
152,NF,0:24:59,NF,0:27:43,NF,1:00:43,NF,0:50:17,NF,1:30:17,1,,,,,,,,,
154,NF,0:25:32,NF,0:31:26,NF,1:14:39,NF,0:58:38,NF,1:38:38,1,,,,,,,,,
155,NF,0:27:17,NF,0:23:26,BiC,5:57:15,NF,1:59:08,BiC,6:14:45,0,,,,,,,,,
156,NF,0:27:15,NF,0:25:01,NF,1:05:01,NF,0:25:01,NF,1:05:01,1,,,,,,,,,
157,NF,0:26:28,NF,0:23:02,Flakey,6:15:08,NF,0:37:05,Flakey,5:57:01,0,,,,,,,,,
158,NF,0:18:48,NF,0:20:38,BiC,12:18:38,NF,0:20:38,BiC,12:18:38,0,,,,,,,,,
159,BiC,3:48:20,Unstable,0:29:43,Unstable,4:05:08,Unstable,10:13:20,BiC,3:42:51,0,,,,,,,,,
161,BiC,5:09:33,BiC,3:56:37,BiC,4:39:58,BiC,4:18:19,BiC,4:58:19,0,,,,,,,,,
162,DNF,48:00:00,BiC,7:04:40,BiC,7:09:41,BiC,7:04:40,BiC,7:09:41,0,,,,,,,,,
163,NF,0:20:48,NF,0:20:38,Code Change,13:05:37,NF,0:20:38,Code Change,13:05:37,0,,,,,,,,,
165,NF,0:25:01,NF,0:19:33,NF,1:03:45,NF,1:23:53,NF,2:03:53,1,,,,,,,,,
170,NF,0:23:32,NF,0:21:20,NF,1:04:43,BiC,7:35:07,BiC,4:42:29,0,,,,,,,,,
171,NF,0:26:15,NF,0:27:24,NF,1:12:11,NF,1:41:46,NF,2:21:46,1,,,,,,,,,
172,NF,0:26:01,NF,0:24:49,NF,1:08:08,NF,0:48:41,NF,1:28:41,1,,,,,,,,,
173,NF,0:19:06,NF,0:18:16,BiC,7:31:15,BiC,6:38:22,BiC,5:47:04,0,,,,,,,,,
176,NF,0:23:26,NF,0:18:29,NF,0:57:12,NF,0:34:50,NF,1:14:50,1,,,,,,,,,
178,NF,0:12:05,NF,0:18:15,NF,0:58:15,NF,0:18:15,NF,0:58:15,1,,,,,,,,,
179,NF,0:26:37,NF,0:17:12,NF,1:00:23,NF,0:58:07,NF,1:38:07,1,,,,,,,,,
187,NF,0:19:59,NF,0:18:53,NF,1:13:48,NF,1:04:17,NF,1:44:17,1,,,,,,,,,
188,NF,0:19:49,NF,0:21:02,NF,1:01:02,NF,0:21:02,NF,1:01:02,1,,,,,,,,,
190,NF,0:17:19,NF,0:20:54,NF,1:00:54,NF,0:20:54,NF,1:00:54,1,,,,,,,,,
191,NF,0:19:19,NF,0:16:30,NF,0:56:30,NF,0:16:30,NF,0:56:30,1,,,,,,,,,
195,Wrong Bug,8:51:49,NF,0:21:53,Unstable,14:04:18,NF,1:13:46,Unstable,16:57:56,0,,,,,,,,,
196,BiC,6:15:08,BiC,7:57:55,BiC,9:56:52,BiC,8:19:22,BiC,5:58:14,0,,,,,,,,,
197,Unstable,13:07:34,Unstable,10:22:56,Unstable,10:29:18,Unstable,10:22:56,Unstable,10:29:18,0,,,,,,,,,
199,BiC,4:40:39,BiC,6:38:12,BiC,5:05:06,BiC,7:05:25,BiC,5:41:24,0,,,,,,,,,
200,DNF,48:00:00,NF,0:24:05,NF,1:09:08,NF,0:50:00,Flakey,15:10:15,0,,,,,,,,,
201,BiC,12:40:01,NF,0:29:39,BiC,6:04:00,BiC,7:00:26,BiC,5:25:01,0,,,,,,,,,
207,NF,9:13:11,NF,0:23:16,NF,1:03:16,NF,0:23:16,NF,1:03:16,1,,,,,,,,,
208,BiC,3:59:46,BiC,6:50:30,BiC,3:38:52,BiC,6:50:30,BiC,3:38:52,0,,,,,,,,,
209,NF,0:26:07,NF,0:16:21,NF,1:00:08,NF,0:27:37,NF,1:07:37,1,,,,,,,,,
211,DNF,48:00:00,Unstable,17:57:54,DNF,48:00:00,Unstable,17:57:54,DNF,48:00:00,0,,,,,,,,,
213,NF,4:55:12,NF,0:19:12,NF,1:04:01,NF,0:35:09,NF,1:15:09,1,,,,,,,,,
221,NF,0:25:37,NF,0:15:36,NF,0:48:48,NF,4:57:56,NF,5:37:56,1,,,,,,,,,
224,NF,0:23:02,NF,0:16:01,NF,0:59:15,NF,0:21:19,BiC,9:26:34,0,,,,,,,,,
241,NF,0:22:12,NF,0:24:08,NF,1:04:08,NF,0:24:08,NF,1:04:08,1,,,,,,,,,
253,NF,0:16:17,NF,0:24:27,Code Change,6:13:30,NF,0:24:27,Code Change,6:13:30,0,,,,,,,,,
278,NF,0:22:45,NF,0:26:01,NF,1:09:02,Blocking Bug,6:55:21,BiC,6:59:07,0,,,,,,,,,
715,Code Change,9:52:14,Code Change,30:49:33,Code Change,20:56:30,Code Change,30:49:33,Code Change,17:17:56,0,,,,,,,,,
740,NF,4:15:25,NF,0:22:46,NF,1:09:26,NF,0:44:40,Unstable,6:31:27,0,,,,,,,,,
746,Unstable,30:07:52,Code Change,7:23:44,Unstable,11:56:52,Code Change,8:50:05,Flakey,11:13:25,0,,,,,,,,,
747,NF,0:20:34,NF,0:22:12,Flakey,8:24:04,Code Change,7:44:39,Blocking Bug,7:58:24,0,,,,,,,,,
750,BiC,4:39:14,BiC,6:05:54,BiC,5:14:28,BiC,6:05:54,BiC,5:14:28,0,,,,,,,,,
753,DNF,48:00:00,DNF,48:00:00,DNF,48:00:00,DNF,48:00:00,DNF,48:00:00,0,,,,,,,,,
759,NF,6:06:29,BiC,7:19:51,Code Change,5:51:47,BiC,10:00:32,Blocking Bug,5:11:26,0,,,,,,,,,
761,BiC,7:40:57,BiC,10:54:50,BiC,7:15:42,BiC,10:54:50,BiC,7:15:42,0,,,,,,,,,
762,BiC,6:16:10,BiC,11:02:52,BiC,12:00:00,BiC,11:02:52,BiC,12:00:00,0,,,,,,,,,
763,NF,0:26:23,NF,0:20:16,NF,1:00:16,NF,0:20:16,NF,1:00:16,1,,,,,,,,,
766,BiC,7:55:34,BiC,7:20:56,BiC,7:49:37,BiC,7:20:56,BiC,6:43:14,0,,,,,,,,,
768,Flakey,6:21:04,BiC,5:55:40,Flakey,6:18:31,BiC,13:24:06,BiC,15:33:37,0,,,,,,,,,
770,Unstable,25:30:05,Unstable,17:48:21,Unstable,10:20:03,Unstable,18:12:56,BiC,7:41:56,0,,,,,,,,,
773,BiC,6:56:55,BiC,6:32:29,BiC,5:27:33,BiC,6:32:29,BiC,5:27:33,0,,,,,,,,,
774,Unknown,7:15:33,BiC,6:43:46,BiC,7:30:49,BiC,12:11:45,BiC,8:00:06,0,,,,,,,,,
775,NF,0:29:11,NF,0:18:59,NF,0:58:59,NF,0:18:59,NF,0:58:59,1,,,,,,,,,
777,BiC,6:48:40,BiC,6:16:38,BiC,6:21:16,BiC,7:06:54,BiC,5:03:38,0,,,,,,,,,
778,NF,0:21:05,NF,0:20:09,BiC,6:15:22,NF,0:40:23,BiC,9:09:58,0,,,,,,,,,
780,BiC,6:38:30,BiC,6:02:44,BiC,5:14:42,BiC,6:02:44,BiC,5:14:42,0,,,,,,,,,
782,NF,0:20:57,NF,0:17:21,Code Change,5:15:50,NF,1:08:46,Code Change,5:18:39,0,,,,,,,,,
783,NF,0:28:01,NF,0:26:42,NF,1:06:42,NF,0:26:42,NF,1:06:42,1,,,,,,,,,
784,BiC,10:02:02,BiC,6:18:01,BiC,7:09:44,BiC,7:01:14,BiC,7:41:14,0,,,,,,,,,
787,BiC,6:07:33,BiC,9:15:45,BiC,4:38:58,BiC,9:15:45,BiC,4:38:58,0,,,,,,,,,
788,Code Change,5:50:57,Code Change,8:04:29,Code Change,5:52:55,Code Change,8:36:43,Code Change,5:03:32,0,,,,,,,,,
789,BiC,7:01:15,BiC,8:40:13,BiC,5:59:51,BiC,9:12:19,BiC,4:59:07,0,,,,,,,,,
792,BiC,6:14:47,BiC,7:41:20,BiC,9:35:32,BiC,7:41:20,BiC,9:35:32,0,,,,,,,,,
793,BiC,6:23:06,BiC,9:35:35,BiC,5:08:48,BiC,9:35:35,BiC,5:08:48,0,,,,,,,,,
794,NF,6:57:42,NF,0:30:14,NF,1:17:04,NF,1:19:16,NF,1:59:16,1,,,,,,,,,
795,NF,0:23:57,NF,0:29:12,NF,1:09:12,NF,0:29:12,NF,1:09:12,1,,,,,,,,,
798,BiC,6:08:02,BiC,8:33:32,BiC,8:10:50,BiC,9:58:06,BiC,5:41:39,0,,,,,,,,,
800,BiC,6:19:38,NF,0:34:22,NF,0:54:31,NF,1:03:45,BiC,8:24:41,0,,,,,,,,,
804,NF,5:47:15,NF,0:38:49,NF,1:18:49,NF,0:38:49,NF,1:18:49,1,,,,,,,,,
805,BiC,7:42:08,BiC,7:04:32,BiC,8:31:45,BiC,7:04:32,BiC,8:31:45,0,,,,,,,,,
806,Code Change,6:22:07,Code Change,9:50:51,BiC,5:24:09,Code Change,9:50:51,BiC,5:24:09,0,,,,,,,,,
807,NF,0:30:29,NF,0:36:51,NF,1:25:38,Code Change,14:18:49,Code Change,6:03:36,0,,,,,,,,,
809,BiC,5:34:38,BiC,9:36:13,BiC,4:46:26,BiC,10:11:04,BiC,4:41:55,0,,,,,,,,,
812,DNF,48:00:00,NF,0:25:11,NF,1:21:11,Unstable,24:04:03,Flakey,8:12:59,0,,,,,,,,,
814,Wrong Bug,7:53:29,NF,0:31:13,BiC,6:28:37,NF,0:31:13,BiC,6:28:37,0,,,,,,,,,
820,BiC,7:39:19,BiC,13:08:00,BiC,5:38:28,BiC,13:08:00,BiC,5:38:28,0,,,,,,,,,
821,NF,0:28:10,NF,0:13:59,BiC,11:56:46,NF,0:13:59,BiC,11:56:46,0,,,,,,,,,
822,NF,0:26:59,NF,0:19:53,NF,0:59:53,NF,0:19:53,NF,0:59:53,1,,,,,,,,,
823,Code Change,8:00:53,Code Change,6:11:12,Code Change,6:51:12,Code Change,6:11:12,Code Change,6:51:12,0,,,,,,,,,
825,Code Change,7:06:22,Code Change,8:42:14,Code Change,9:25:16,Code Change,9:15:08,Code Change,10:27:50,0,,,,,,,,,
826,Flakey,7:02:54,Flakey,8:03:51,Unstable,10:40:15,Flakey,34:49:16,Blocking Bug,9:51:31,0,,,,,,,,,
827,BiC,15:37:55,BiC,4:35:36,BiC,5:30:36,BiC,6:02:09,BiC,5:05:19,0,,,,,,,,,
830,BiC,5:49:59,Code Change,5:39:43,BiC,8:18:43,Code Change,5:39:43,BiC,8:18:43,0,,,,,,,,,
832,DNF,48:00:00,Unstable,4:54:50,Unstable,5:50:50,Unstable,6:00:00,DNF,48:00:00,0,,,,,,,,,
833,NF,0:26:19,NF,0:21:40,NF,1:11:40,NF,1:12:46,NF,1:52:46,1,,,,,,,,,
834,Wrong Bug,8:43:45,NF,0:14:57,Code Change,12:18:06,NF,0:14:57,Code Change,12:18:06,0,,,,,,,,,
835,Flakey,9:58:43,Flakey,3:48:08,Flakey,11:39:00,Flakey,5:01:12,BiC,13:07:02,0,,,,,,,,,
836,DNF,48:00:00,NF,0:21:02,NF,1:07:10,Unstable,16:20:27,DNF,48:00:00,0,,,,,,,,,
839,DNF,48:00:00,NF,0:14:52,BiC,21:24:26,BiC,6:33:43,BiC,14:22:40,0,,,,,,,,,
841,NF,0:32:57,NF,0:17:03,NF,1:19:03,NF,0:40:24,NF,1:20:24,1,,,,,,,,,
842,BiC,5:19:57,BiC,3:44:10,BiC,6:27:18,BiC,3:44:10,BiC,6:27:18,0,,,,,,,,,
844,NF,0:33:14,NF,0:17:41,NF,0:57:41,NF,0:17:41,NF,0:57:41,1,,,,,,,,,
846,BiC,34:17:56,BiC,4:56:52,BiC,42:21:56,BiC,5:10:27,BiC,6:05:50,0,,,,,,,,,
847,Wrong Bug,7:47:00,NF,0:16:17,DNF,48:00:00,NF,0:16:17,DNF,48:00:00,0,,,,,,,,,
849,NF,0:20:02,NF,0:16:17,NF,0:56:17,NF,0:16:17,NF,0:56:17,1,,,,,,,,,
850,NF,0:22:02,NF,0:19:51,NF,1:10:42,BiC,7:42:37,BiC,6:27:14,0,,,,,,,,,
853,NF,7:38:22,NF,0:15:50,NF,0:55:50,NF,0:15:50,NF,0:55:50,1,,,,,,,,,
854,NF,0:27:43,NF,0:13:09,DNF,48:00:00,NF,0:18:41,Blocking Bug,6:34:00,0,,,,,,,,,
855,Flakey,7:36:15,Flakey,9:07:34,Flakey,9:47:34,Flakey,9:07:34,Flakey,9:47:34,0,,,,,,,,,
857,Wrong Bug,4:41:59,Blocking Bug,4:21:59,Blocking Bug,7:26:59,Blocking Bug,4:28:35,Blocking Bug,10:09:54,0,,,,,,,,,
859,NF,0:29:05,NF,0:24:20,DNF,48:00:00,NF,0:46:01,Code Change,17:23:49,0,,,,,,,,,
860,Wrong Bug,6:38:14,BiC,5:21:10,BiC,7:33:33,BiC,6:46:28,BiC,6:36:28,0,,,,,,,,,
861,Wrong Bug,5:46:45,Code Change,6:42:06,Blocking Bug,7:19:33,Code Change,8:17:49,Code Change,8:14:16,0,,,,,,,,,
862,BiC,5:35:47,BiC,7:20:41,BiC,7:16:52,BiC,7:20:41,BiC,7:16:52,0,,,,,,,,,
863,BiC,5:35:19,BiC,5:16:41,BiC,5:56:30,BiC,5:16:41,BiC,5:56:30,0,,,,,,,,,
864,Wrong Bug,9:21:24,NF,0:29:40,BiC,10:47:34,NF,1:24:54,BiC,8:45:58,0,,,,,,,,,
865,DNF,48:00:00,NF,0:24:34,Code Change,9:56:14,NF,0:46:37,Code Change,9:30:48,0,,,,,,,,,
867,DNF,48:00:00,Unstable,6:37:13,Unstable,7:17:13,Unstable,6:37:13,Unstable,7:17:13,0,,,,,,,,,
870,NF,0:29:38,NF,0:23:45,NF,1:15:50,NF,0:45:03,NF,1:25:03,1,,,,,,,,,
872,NF,4:14:59,NF,0:20:27,NF,1:00:27,NF,0:20:27,NF,1:00:27,1,,,,,,,,,
874,BiC,6:38:27,BiC,7:03:47,BiC,8:26:59,BiC,7:03:47,BiC,8:26:59,0,,,,,,,,,
875,NF,0:29:48,NF,0:30:03,NF,1:22:17,NF,0:41:06,NF,1:21:06,1,,,,,,,,,
876,BiC,8:13:39,BiC,10:30:28,BiC,8:52:50,BiC,10:30:28,BiC,8:52:50,0,,,,,,,,,
879,NF,7:05:04,NF,0:18:25,NF,0:18:25,NF,0:39:50,NF,1:19:50,1,,,,,,,,,
880,Wrong Bug,7:02:25,Unstable,7:12:51,Code Change,8:56:32,Unstable,7:12:51,Code Change,8:56:32,0,,,,,,,,,
882,Wrong Bug,7:32:06,Blocking Bug,6:14:08,Blocking Bug,8:49:28,Blocking Bug,6:14:08,Blocking Bug,8:49:28,0,,,,,,,,,
884,Wrong Bug,34:42:50,Blocking Bug,5:35:19,Unstable,6:39:29,Blocking Bug,5:35:19,Unstable,6:39:29,0,,,,,,,,,
885,BiC,6:56:59,BiC,6:38:36,BiC,7:00:35,BiC,6:38:36,BiC,7:00:35,0,,,,,,,,,
886,Wrong Bug,8:34:22,Unstable,5:43:18,Code Change,5:31:31,Unstable,5:43:18,Code Change,5:31:31,0,,,,,,,,,
888,DNF,48:00:00,DNF,48:00:00,DNF,48:00:00,DNF,48:00:00,DNF,48:00:00,0,,,,,,,,,
889,NF,0:20:31,NF,0:26:31,Code Change,12:15:06,NF,0:48:52,Code Change,7:07:59,0,,,,,,,,,
890,Wrong Bug,10:56:53,Code Change,8:56:52,Code Change,18:53:56,Code Change,8:56:52,BiC,6:10:44,0,,,,,,,,,
891,Wrong Bug,5:57:48,BiC,6:17:39,BiC,6:38:39,BiC,6:17:39,BiC,6:38:39,0,,,,,,,,,
892,Wrong Bug,11:51:16,BiC,6:19:01,BiC,22:06:13,BiC,6:19:01,BiC,22:06:13,0,,,,,,,,,
895,DNF,48:00:00,NF,0:24:13,Unstable,6:34:15,Unstable,12:00:34,Unstable,8:05:27,0,,,,,,,,,
896,Wrong Bug,5:24:31,Code Change,6:24:08,Blocking Bug,8:00:15,Code Change,6:24:08,Blocking Bug,8:00:15,0,,,,,,,,,
897,NF,13:22:28,NF,0:30:38,NF,1:10:38,NF,0:30:38,NF,1:10:38,1,,,,,,,,,
899,NF,0:13:07,Code Change,5:38:58,Code Change,6:27:38,Code Change,7:26:13,Code Change,10:30:53,0,,,,,,,,,
900,NF,0:17:56,NF,0:31:39,NF,1:11:39,NF,0:31:39,NF,1:11:39,1,,,,,,,,,
901,BiC,2:55:02,NF,0:23:54,Flakey,24:19:50,NF,0:23:54,Flakey,24:19:50,0,,,,,,,,,
903,NF,0:18:24,NF,0:30:30,NF,1:10:30,NF,0:30:30,NF,1:10:30,1,,,,,,,,,
904,Code Change,9:19:39,Code Change,16:52:43,Code Change,15:07:30,Code Change,17:03:23,Code Change,18:31:48,0,,,,,,,,,
906,DNF,48:00:00,Unstable,8:06:03,Unstable,7:49:57,Unstable,8:06:03,Unstable,7:49:57,0,,,,,,,,,
908,DNF,48:00:00,Blocking Bug,7:05:58,Unstable,34:22:37,Blocking Bug,7:05:58,Unstable,34:22:37,0,,,,,,,,,
911,BiC,2:58:14,BiC,5:20:42,BiC,6:11:01,BiC,5:20:42,BiC,6:11:01,0,,,,,,,,,
913,Wrong Bug,3:24:26,NF,0:19:15,Code Change,17:00:50,NF,0:19:15,Code Change,17:00:50,0,,,,,,,,,
914,NF,0:11:02,Code Change,5:12:43,Code Change,5:28:28,Code Change,5:35:01,Code Change,6:15:01,0,,,,,,,,,
915,Wrong Bug,2:27:22,BiC,4:53:12,BiC,8:09:51,BiC,4:53:12,BiC,8:09:51,0,,,,,,,,,
919,NF,0:18:38,NF,0:24:47,Flakey,7:49:56,NF,0:45:24,NF,1:25:24,1,,,,,,,,,